,UID,col_0,col_1,col_2,col_3,col_4,col_5,col_6,y
0,0,A0,B0,C2,D1,100,E1,F2,237000
1,1,A1,B0,C11,D4,100,E4,F2,86193
2,2,A0,B0,C18,D0,0,E0,F2,169200
3,3,A2,B0,C11,D1,100,E1,F2,58000
4,4,A0,B0,C67,D1,0,E1,F2,235000
5,5,A0,B0,C11,D1,100,E1,F2,170000
6,6,A0,B0,C11,D1,100,E1,F0,183600
7,7,A0,B0,C4,D1,0,E1,F2,100000
8,8,A0,B0,C2,D1,100,E1,F2,175000
9,9,A0,B0,C2,D1,100,E1,F2,136000
10,10,A1,B0,C52,D8,50,E24,F0,55685
11,11,A0,B0,C7,D1,0,E1,F2,175000
12,12,A1,B0,C36,D1,0,E1,F2,120000
13,13,A1,B0,C11,D1,0,E1,F2,150000
14,14,A0,B0,C2,D1,0,E1,F2,152000
15,15,A1,B0,C4,D1,0,E1,F2,72000
16,16,A0,B0,C4,D1,0,E1,F2,140000
17,17,A1,B0,C2,D1,50,E1,F0,130000
18,18,A0,B0,C57,D2,100,E2,F2,248400
19,19,A0,B0,C9,D1,100,E1,F2,212200
20,20,A0,B0,C54,D4,0,E4,F2,127467
21,21,A2,B0,C11,D1,100,E1,F0,129000
22,22,A0,B0,C4,D1,100,E1,F2,201000
23,23,A2,B0,C41,D1,50,E1,F0,100000
24,24,A2,B0,C44,D41,100,E19,F2,40000
25,25,A0,B0,C11,D1,0,E1,F2,270703
26,26,A0,B0,C4,D1,0,E1,F2,139000
27,27,A1,B0,C15,D1,100,E1,F0,180000
28,28,A1,B0,C18,D12,50,E11,F2,62649
29,29,A0,B0,C9,D1,0,E1,F2,189650
30,30,A0,B0,C39,D6,50,E6,F0,40570
31,31,A1,B0,C11,D53,0,E52,F2,12103
32,32,A2,B0,C2,D6,0,E6,F0,9727
33,33,A1,B0,C2,D1,0,E1,F2,105000
34,34,A0,B0,C4,D1,0,E1,F2,187000
35,35,A0,B0,C4,D1,0,E1,F2,128000
36,36,A2,B0,C2,D48,100,E48,F2,17684
37,37,A0,B0,C40,D1,100,E1,F0,170000
38,38,A1,B0,C59,D66,0,E63,F1,20000
39,39,A0,B0,C4,D1,0,E1,F2,150000
40,40,A0,B0,C4,D1,100,E1,,140000
41,41,A0,B0,C11,D1,0,E1,F2,139500
42,42,A0,B0,C2,D1,100,E1,F2,145000
43,43,A0,B0,C11,D1,100,E1,,200100
44,44,A0,B0,C2,D1,100,E1,F2,104000
45,45,A2,B0,C2,D6,50,E6,F0,29751
46,46,A2,B0,C2,D1,0,E1,F1,100000
47,47,A0,B0,C7,D4,100,E4,F2,102663
48,48,A0,B0,C18,D1,100,E1,F2,210000
49,49,A0,B0,C11,D1,100,E1,F2,120000
50,50,A0,B0,C27,D1,0,E1,F2,168400
51,51,A0,B0,C9,D1,100,E1,F2,280700
52,52,A1,B0,C11,D1,100,E1,F0,100000
53,53,A0,B0,C2,D1,100,E1,F2,191475
54,54,A1,B0,C29,D0,50,E36,F2,60000
55,55,A0,B0,C3,D1,0,E1,F0,260000
56,56,A0,B0,C7,D1,0,E1,,150000
57,57,A0,B0,C9,D1,0,E1,F2,204500
58,58,A3,B0,C11,D1,100,E1,,236000
59,59,A1,B0,C4,D1,0,E1,F2,60000
60,60,A0,B0,C2,D1,100,E1,,211500
61,61,A1,B0,C49,D26,100,E23,F2,78000
62,62,A0,B0,C4,D1,100,E1,F2,165000
63,63,A2,B0,C4,D26,100,E23,F0,7799
64,64,A0,B0,C4,D0,0,E0,F2,50432
65,65,A3,B0,C33,D42,100,E40,F0,153667
66,66,A0,B0,C9,D1,0,E1,,323300
67,67,A1,B0,C2,D4,0,E4,F2,110820
68,68,A0,B0,C6,D1,0,E1,F2,139000
69,69,A0,B0,C4,D0,0,E0,F2,36773
70,70,A3,B0,C11,D1,100,E1,F2,210914
71,71,A2,B0,C6,D1,0,E1,F2,155000
72,72,A0,B0,C15,D1,100,E1,F0,195400
73,73,A1,B0,C11,D1,0,E1,F2,111775
74,74,A0,B0,C9,D1,100,E1,F2,148800
75,75,A1,B0,C2,D12,100,E11,F2,52533
76,76,A0,B0,C2,D1,0,E1,F2,225000
77,77,A0,B0,C11,D1,100,E1,F2,153000
78,78,A0,B0,C4,D1,100,E1,F2,75000
79,79,A2,B0,C53,D36,100,E32,F1,9272
80,80,A0,B0,C11,D1,100,E1,F2,150000
81,81,A0,B2,C12,D68,100,E1,F1,60000
82,82,A0,B0,C3,D1,0,E1,F0,159100
83,83,A0,B0,C2,D1,100,E1,F2,156400
84,84,A0,B0,C11,D1,100,E1,F2,135000
85,85,A0,B0,C11,D1,0,E1,F2,115000
86,86,A0,B0,C2,D1,0,E1,F2,190000
87,87,A1,B0,C1,D1,100,E1,F2,180000
88,88,A0,B0,C11,D1,100,E1,F2,96100
89,89,A0,B0,C2,D1,0,E1,F2,191475
90,90,A0,B0,C4,D1,0,E1,F2,130000
91,91,A0,B0,C11,D1,0,E1,F2,145000
92,92,A2,B0,C4,D1,100,E1,F2,75000
93,93,A0,B0,C2,D1,100,E1,F2,172000
94,94,A0,B0,C2,D1,0,E1,F2,170000
95,95,A0,B0,C4,D1,0,E1,F2,110600
96,96,A0,B0,C2,D1,100,E1,F2,285800
97,97,A0,B0,C9,D4,0,E4,F2,195652
98,98,A2,B3,C2,D42,50,E38,F1,21669
99,99,A0,B0,C11,D1,0,E1,F2,191200
100,100,A0,B0,C11,D1,0,E1,F2,109400
101,101,A0,B0,C11,D1,0,E1,F2,130000
102,102,A0,B0,C11,D1,0,E1,F2,180000
103,103,A0,B0,C2,D1,100,E1,F2,201450
104,104,A0,B0,C2,D1,0,E1,F2,228000
105,105,A0,B0,C2,D1,0,E1,F2,144000
106,106,A2,B0,C56,D1,0,E1,F2,150000
107,107,A0,B0,C11,D1,0,E1,F0,240500
108,108,A0,B0,C11,D1,0,E1,F2   ,145000
109,109,A0,B0,C11,D1,100,E1,F2,156600
110,110,A1,B0,C11,D0,100,E0,F2,59020
111,111,A0,B0,C11,D1,0,E1,F2,176000
112,112,A0,B0,C2,D1,0,E1,F2,147100
113,113,A1,B0,C2,D1,100,E1,F2,150000
114,114,A0,B0,C11,D1,100,E1,F2,160000
115,115,A0,B0,C9,D1,0,E1,F2,276000
116,116,A0,B0,C15,D1,100,E1,F2,115000
117,117,A0,B0,C4,D1,0,E1,F2,95000
118,118,A0,B0,C67,D1,0,E1,F2,275000
119,119,A2,B0,C11,D4,100,E4,F2,49253
120,120,A0,B0,C4,D1,0,E1,F2,105200
121,121,A0,B0,C2,D1,100,E1,F2,141525
122,122,A0,B0,C30,D1,0,E1,F2,70000
123,123,A0,B0,C6,D1,0,E1,F2,155850
124,124,A0,B0,C81,D6,100,E18,F0,8000
125,125,A0,B0,C4,D1,0,E1,F2,120000
126,126,A0,B0,C11,D1,0,E1,F2,114500
127,127,A0,B0,C11,D1,0,E1,F2,170000
128,128,A0,B0,C3,D1,0,E1,F2,180000
129,129,A0,B0,C2,D54,100,E69,F0,40038
130,130,A1,B0,C2,D4,0,E4,F2,85066
131,131,A3,B0,C11,D1,100,E1,F2,200000
132,132,A0,B0,C4,D1,0,E1,F2,177000
133,133,A0,B0,C2,D1,0,E1,F2,78000
134,134,A0,B0,C11,D1,0,E1,F2,200000
135,135,A1,B0,C2,D4,0,E4,F2,51039
136,136,A0,B0,C12,D1,0,E1,F2,280000
137,137,A3,B0,C7,D1,100,E1,F2,200000
138,138,A0,B0,C4,D1,100,E1,F2,170000
139,139,A0,B0,C11,D1,0,E1,F2,85000
140,140,A0,B0,C11,D1,100,E1,F2,200000
141,141,A0,B0,C29,D2,50,E2,F2,161311
142,142,A1,B0,C9,D4,100,E4,F2,48609
143,143,A0,B0,C4,D1,100,E1,F2,185000
144,144,A0,B0,C2,D1,0,E1,F2,120000
145,145,A1,B0,C4,D1,0,E1,F2,160000
146,146,A0,B0,C18,D1,0,E1,F2,210000
147,147,A0,B0,C9,D1,0,E1,F2,247500
148,148,A2,B0,C9,D1,50,E1,F0,250000
149,149,A0,B0,C4,D6,100,E6,F1,15806
150,150,A0,B0,C11,D1,100,E1,F0,132100
151,151,A1,B0,C2,D9,0,E8,F2,89306
152,152,A0,B0,C7,D1,100,E1,F2,150000
153,153,A1,B0,C4,D6,100,E6,F0,14307
154,154,A0,B0,C2,D1,0,E1,F2,186000
155,155,A3,B0,C11,D0,50,E0,F0,79833
156,156,A0,B0,C11,D1,0,E1,F2,225000
157,157,A0,B0,C4,D1,0,E1,F2,95000
158,158,A0,B0,C4,D1,0,E1,F2,55000
159,159,A0,B0,C4,D1,100,E1,F2,85000
160,160,A0,B0,C2,D1,100,E1,F0,180000
161,161,A0,B0,C4,D1,0,E1,F2,110000
162,162,A0,B0,C11,D1,0,E1,F2,153600
163,163,A0,B0,C2,D1,0,E1,F2,190000
164,164,A0,B0,C26,D1,0,E1,F2,175000
165,165,A1,B0,C4,D1,100,E1,F2,75000
166,166,A1,B0,C9,D4,50,E4,F0,128058
167,167,A0,B0,C57,D2,100,E2,F2,168000
168,168,A0,B0,C2,D0,100,E4,F0,88256
169,169,A1,B0,C35,D1,100,E1,,124000
170,170,A0,B0,C18,D1,100,E1,F2,125000
171,171,A3,B0,C22,D5,0,E2,F2,15000
172,172,A0,B0,C15,D1,100,E1,F2,175000
173,173,A0,B0,C9,D55,100,E53,F2,135000
174,174,A0,B0,C11,D1,100,E1,F2,213580
175,175,A0,B0,C34,D1,0,E1,,193900
176,176,A1,B0,C4,D1,0,E1,F2,105500
177,177,A0,B0,C2,D1,100,E1,F2,110000
178,178,A0,B0,C11,D1,0,E1,F2,122600
179,179,A2,B0,C6,D1,0,E1,F 2,160000
180,180,A0,B0,C58,D4,100,E4,F0,151902
181,181,A0,B0,C2,D1,100,E1,F2,275300
182,182,A3,B0,C11,D1,0,E1,F2,175000
183,183,A0,B0,C9,D1,0,E1,F2,139500
184,184,A0,B0,C7,D1,0,E1,F2,106000
185,185,A0,B0,C2,D4,0,E4,F2,185000
186,186,A1,B0,C54,D6,50,E6,F0,60795
187,187,A0,B0,C2,D1,100,E1,,182750
188,188,A0,B0,C2,D3,50,E3,F0,90734
189,189,A2,B0,C9,D1,0,E1,F0   ,83000
190,190,A0,B0,C2,D1,0,E1,F2,120000
191,191,A2,B0,C34,D42,100,E3,F1,34672
192,192,A0,B0,C9,D1,0,E1,F2   ,126000
193,193,A3,B0,C7,D1,100,E1,F2,150000
194,194,A0,B0,C11,D1,100,E1,F2,128000
195,195,A0,B0,C11,D1,0,E1,F2,115000
196,196,A0,B0,C2,D1,100,E1,F2,153000
197,197,A1,B0,C21,D1,100,E1,F0,157000
198,198,A0,B0,C2,D1,100,E1,F2,165220
199,199,A1,B0,C47,D1,100,E1,F2,150000
200,200,A0,B0,C11,D1,100,E1,F2,210000
201,201,A0,B0,C2,D1,0,E1,F2,122500
202,202,A0,B0,C4,D1,100,E1,F2,192500
203,203,A0,B0,C2,D1,100,E1,F2,141525
204,204,A2,B0,C4,D1,100,E1,F 0,46000
205,205,A0,B0,C7,D1,100,E1,F2,113000
206,206,A0,B0,C27,D1,100,E1,F2,86000
207,207,A0,B0,C11,D1,0,E1,F2,163800
208,208,A0,B0,C11,D1,100,E1,F2,220000
209,209,A2,B0,C4,D1,100,E1,F2,70000
210,210,A1,B0,C20,D1,50,E1,F0,105000
211,211,A0,B0,C2,D1,0,E1,F2,152000
212,212,A0,B0,C2,D1,0,E1,F2   ,120000
213,213,A1,B0,C4,D1,0,E1,,206000
214,214,A1,B0,C4,D1,0,E1,F2,90000
215,215,A1,B0,C34,D1,0,E1,F1,200000
216,216,A0,B0,C15,D1,100,E1,F2,180000
217,217,A0,B0,C2,D2,100,E2, F0   ,103691
218,218,A0,B0,C4,D1,0,E1,,80000
219,219,A0,B0,C9,D1,100,E1,F2,192600
220,220,A0,B0,C9,D1,0,E1,F2,142200
221,221,A0,B0,C11,D1,100,E1,F2,180000
222,222,A0,B0,C11,D4,0,E4,F2   ,73880
223,223,A2,B0,C4,D12,100,E6,FO,6359
224,224,A0,B0,C15,D1,0,E1,F2,120000
225,225,A1,B0,C2,D3,50,E3,F0,90734
226,226,A0,B0,C11,D0,0,E0,F2,36773
227,227,A1,B0,C2,D4,0,E4,F2,78990
228,228,A0,B0,C12,D26,0,E23,F2,18907
229,229,A0,B0,C2,D1,0,E1,F2,154000
230,230,A0,B0,C6,D1,0,E1,F2,200000
231,231,A1,B0,C28,D1,100,E1,F2,100000
232,232,A2,B0,C50,D42,50,E38,F2,24165
233,233,A2,B0,C11,D1,0,E1,F2,85000
234,234,A0,B0,C11,D0,0,E0,F2,36773
235,235,A1,B0,C4,D1,0,E1,F2,100000
236,236,A0,B0,C9,D1,0,E1,F2,142200
237,237,A1,B0,C4,D1,0,E1,F2,150000
238,238,A1,B0,C2,D1,100,E1,F2,93918
239,239,A0,B0,C11,D1,100,E1,F2,75000
240,240,A0,B0,C9,D1,100,E1,F2,188800
241,241,A1,B0,C11,D1,0,E1,F2,95000
242,242,A0,B0,C89,D1,100,E1,F2,170000
243,243,A0,B0,C9,D1,100,E1,F2,200000
244,244,A1,B0,C29,D75,0,E70,F1,18000
245,245,A0,B0,C11,D1,0,E1,F2,81500
246,246,A2,B0,C3,D1,0,E1,F0,213660
247,247,A0,B0,C4,D1,100,E1,F2,100000
248,248,A0,B0,C4,D1,0,E1,F2,169000
249,249,A0,B0,C2,D1,100,E1,F2,200000
250,250,A0,B0,C9,D1,100,E1,F0,131300
251,251,A0,B0,C26,D1,0,E1,F0,240000
252,252,A0,B0,C11,D1,0,E1,F2,90000
253,253,A0,B0,C11,D1,100,E1,F2,185000
254,254,A2,B0,C11,D1,0,E1,F2,85000
255,255,A1,B0,C9,D1,0,E1,F2,250000
256,256,A0,B0,C9,D1,0,E1,F2,220000
257,257,A0,B0,C11,D1,0,E1,F2,225000
258,258,A2,B0,C6,D1,0,E1,,120000
259,259,A0,B0,C11,D1,0,E1,F2,141600
260,260,A0,B0,C4,D1,100,E1,F2,122000
261,261,A0,B0,C11,D1,0,E1,F2,191200
262,262,A0,B0,C2,D1,0,E1,F2,225000
263,263,A0,B0,C4,D1,0,E1,F2,127000
264,264,A0,B0,C11,D4,100,E4,F2,104611
265,265,A0,B0,C11,D1,100,E1,F0,174000
266,266,A1,B0,C2,D5,100,E5,F0,50000
267,267,A0,B0,C9,D1,100,E1,F2,140000
268,268,A0,B0,C11,D1,100,E1,F2,101570
269,269,A0,B0,C15,D1,100,E1,F2,66000
270,270,A0,B0,C11,D1,100,E1,,180000
271,271,A1,B0,C26,D1,0,E1,F2,104500
272,272,A0,B0,C11,D1,0,E1,F2,65488
273,273,A0,B0,C4,D1,0,E1,F2,110600
274,274,A0,B0,C2,D1,0,E1,F2,129300
275,275,A0,B0,C9,D1,100,E1,F2,180000
276,276,A0,B0,C15,D1,0,E1,F2,141300
277,277,A1,B0,C9,D1,0,E1,F2,90000
278,278,A2,B0,C62,D21,50,E18,F0,66970
279,279,A0,B0,C2,D1,100,E1,,225000
280,280,A0,B0,C11,D1,100,E1,F2,134760
281,281,A0,B0,C2,D1,0,E1,F2,148750
282,282,A0,B0,C11,D1,100,E1,,209100
283,283,A0,B0,C11,D1,0,E1,F2,106500
284,284,A0,B0,C2,D1,0,E1,F0,144000
285,285,A2,B0,C11,D4,50,E4,F0,45390
286,286,A0,B0,C30,D1,100,E1,F0,148700
287,287,A0,B0,C92,D4,50,E4,F0,61896
288,288,A1,B0,C9,D12,100,E3,F2,84053
289,289,A0,B0,C2,D1,0,E1,F2,155000
290,290,A0,B0,C11,D4,100,E4,F2,61566
291,291,A0,B0,C2,D1,0,E1,F2   ,180000
292,292,A0,B0,C2,D1,0,E1,F2,185900
293,293,A0,B0,C9,D1,100,E1,,210000
294,294,A0,B0,C11,D1,0,E1,F2,100000
295,295,A0,B0,C11,D1,0,E1,F2,110000
296,296,A0,B0,C7,D1,0,E1,F2,179820
297,297,A0,B0,C11,D1,0,E1,F 2,152000
298,298,A0,B0,C2,D1,0,E1,F2,170000
299,299,A0,B0,C3,D1,0,E1,F0,136000
300,300,A1,B0,C9,D6,50,E6,F0,20984
301,301,A3,B0,C26,D1,0,E1,F2,175100
302,302,A0,B0,C4,D1,100,E1,F2,120000
303,303,A0,B0,C4,D1,100,E1,F2,102500
304,304,A0,B0,C2,D1,0,E1,F2,185900
305,305,A0,B0,C2,D1,0,E1,F2,156400
306,306,A0,B0,C7,D4,0,E4,F2,92350
307,307,A0,B0,C2,D1,0,E1,F 2,130000
308,308,A0,B0,C2,D3,0,E3,F2,64090
309,309,A2,B0,C53,D26,100,E23,F0,6270
310,310,A0,B0,C9,D1,0,E1,F2,204500
311,311,A0,B0,C15,D1,100,E1,F2,190000
312,312,A0,B0,C9,D1,100,E1,F2,288000
313,313,A0,B0,C4,D1,100,E1,F2,81666
314,314,A0,B0,C4,D1,0,E1,F2   ,169000
315,315,A3,B0,C54,D4,0,E4,F2,160288
316,316,A0,B0,C11,D1,0,E1,F2,200000
317,317,A0,B0,C11,D1,100,E1,F2,160000
318,318,A0,B0,C4,D1,100,E1,F1,115000
319,319,A0,B0,C11,D1,100,E1,F2,85000
320,320,A0,B0,C26,D24,100,E22,,90000
321,321,A1,B0,C11,D4,50,E4,F0,72212
322,322,A0,B0,C1,D1,0,E1,F2,135000
323,323,A2,B0,C59,D1,100,E1,F2,100000
324,324,A0,B0,C2,D1,100,E1,,183500
325,325,A0,B0,C4,D1,0,E1,,85500
326,326,A1,B0,C11,D1,0,E1,F2,154000
327,327,A0,B0,C38,D1,0,E1,F0,108000
328,328,A1,B0,C15,D1,0,E1,F2,167500
329,329,A3,B0,C11,D1,0,E1,F2,210000
330,330,A0,B0,C2,D0,0,E0,F2,48289
331,331,A0,B0,C2,D1,0,E1,F2,237000
332,332,A0,B0,C11,D1,100,E1,F2,130000
333,333,A0,B0,C11,D1,0,E1,F2,129300
334,334,A0,B0,C19,D1,100,E1,F2,105400
335,335,A0,B0,C2,D1,0,E1,F2,130240
336,336,A1,B0,C2,D6,0,E6,F2,33808
337,337,A1,B0,C11,D4,100,E4,F2,98506
338,338,A1,B0,C11,D1,0,E1,F2,95000
339,339,A0,B0,C4,D1,0,E1,,119000
340,340,A0,B0,C0,D0,100,E0,F0,85847
341,341,A0,B0,C2,D1,100,E1,F2,179400
342,342,A0,B0,C11,D1,100,E1,F2,90000
343,343,A1,B0,C11,D1,0,E1,F2,149600
344,344,A0,B0,C4,D1,0,E1,F2,121700
345,345,A0,B0,C11,D1,0,E1,F2,133832
346,346,A0,B0,C2,D0,0,E0,F2,38631
347,347,A0,B0,C2,D1,0,E1,F2,136100
348,348,A1,B0,C11,D1,0,E1,F2,260000
349,349,A0,B0,C4,D1,100,E1,F2,119000
350,350,A3,B0,C26,D1,0,E1,F2,182160
351,351,A0,B0,C15,D1,100,E1, F2   ,200000
352,352,A0,B0,C2,D1,100,E1,F2,275300
353,353,A1,B0,C11,D1,100,E1,F0,112000
354,354,A0,B0,C6,D1,0,E1,F2,230000
355,355,A0,B0,C9,D1,0,E1,F2,204500
356,356,A0,B0,C3,D1,0,E1,F0,136000
357,357,A0,B0,C38,D1,100,E1,F0,90000
358,358,A0,B0,C2,D1,0,E1,F2   ,129300
359,359,A0,B0,C11,D1,100,E1,F2,132320
360,360,A0,B0,C11,D1,0,E1,F2,137500
361,361,A1,B0,C6,D1,100,E1,F2,120000
362,362,A0,B0,C2,D1,100,E1,F2,126500
363,363,A1,B0,C29,D6,0,E6,F0,22611
364,364,A0,B0,C15,D1,0,E1, F2   ,228000
365,365,A0,B0,C11,D1,0,E1,F2,80000
366,366,A0,B0,C52,D1,100,E1,F2,195000
367,367,A0,B0,C4,D2,100,E2,F2,130000
368,368,A3,B1,C0,D1,100,E1,F1,416000
369,369,A1,B0,C11,D1,100,E1,F2,90000
370,370,A0,B0,C2,D1,100,E1,F2,136000
371,371,A2,B0,C6,D4,100,E4,,120000
372,372,A0,B0,C4,D1,100,E1,F2,81666
373,373,A0,B0,C11,D1,0,E1,F2,146000
374,374,A0,B0,C11,D1,100,E1,F2,144000
375,375,A2,B0,C70,D1,100,E45,F1,50000
376,376,A1,B0,C11,D1,0,E1,F2,146000
377,377,A0,B0,C11,D40,50,E4,F1,76833
378,378,A0,B0,C4,D1,0,E1,F2,153600
379,379,A1,B0,C4,D1,0,E1,F2,150000
380,380,A1,B0,C2,D16,0,E14,F2,80481
381,381,A0,B0,C11,D1,0,E1,F2,160000
382,382,A0,B0,C3,D1,0,E1,F2,205000
383,383,A1,B0,C20,D26,100,E23,F2,9289
384,384,A3,B0,C11,D1,0,E1,F2,145000
385,385,A0,B0,C2,D1,0,E1, F2   ,225000
386,386,A0,B0,C2,D1,100,E1,F2,175000
387,387,A1,B0,C30,D1,0,E1,F2,80000
388,388,A0,B0,C87,D55,50,E1,F1,160000
389,389,A1,B0,C11,D1,100,E1,F2,90000
390,390,A0,B0,C2,D1,100,E1,F2,167000
391,391,A0,B0,C9,D1,100,E1,F2,164000
392,392,A1,B0,C9,D4,0,E4,F2,92350
393,393,A0,B0,C52,D1,0,E1,F2,205920
394,394,A3,B0,C11,D1,100,E1,F2,324000
395,395,A1,B0,C11,D0,100,E0,F2,73546
396,396,A2,B0,C9,D1,50,E1,F1,81000
397,397,A0,B0,C11,D1,0,E1,F2,102100
398,398,A0,B0,C2,D1,0,E1,F2,249500
399,399,A0,B0,C11,D1,100,E1,F2,150000
400,400,A0,B0,C11,D1,100,E1,F2,202000
401,401,A0,B0,C3,D1,0,E1,F0,222200
402,402,A0,B0,C18,D1,0,E1,F2,120000
403,403,A0,B0,C4,D1,100,E1,F2,208450
404,404,A2,B0,C2,D1,0,E1,F0,82000
405,405,A0,B0,C2,D1,100,E1,F2,191475
406,406,A1,B0,C4,D1,100,E1,F2,102640
407,407,A0,B0,C3,D1,0,E1,F0,136000
408,408,A1,B0,C19,D1,0,E1,F2,155000
409,409,A0,B0,C11,D1,0,E1,F2   ,100000
410,410,A0,B0,C9,D1,0,E1,F2,139500
411,411,A1,B0,C11,D1,0,E1,F2,120000
412,412,A0,B0,C2,D1,50,E1,F0,120000
413,413,A1,B0,C2,D1,0,E1,F2,183310
414,414,A1,B0,C2,D6,0,E6,F0,40481
415,415,A0,B0,C2,D1,100,E1,F0,140000
416,416,A1,B0,C2,D1,0,E1,F2,165000
417,417,A0,B0,C9,D1,0,E1,F2,126000
418,418,A0,B0,C11,D1,100,E1,F2,138750
419,419,A0,B0,C11,D1,100,E1,F2,128875
420,420,A0,B0,C11,D1,0,E1,F2,129300
421,421,A1,B0,C2,D1,100,E1,F2,150000
422,422,A0,B0,C11,D1,100,E1,F2,225000
423,423,A1,B0,C11,D1,0,E1, F2   ,130000
424,424,A2,B0,C2,D2,100,E2,F 0,51753
425,425,A0,B0,C29,D4,50,E4,F2,109024
426,426,A0,B0,C15,D1,0,E1,F2,174500
427,427,A0,B0,C11,D1,100,E1,F2,104000
428,428,A1,B0,C15,D1,0,E1,F2,106500
429,429,A0,B0,C2,D1,100,E1,F2,207000
430,430,A0,B0,C2,D1,100,E1,F0,236900
431,431,A0,B0,C26,D1,100,E1,F2,175100
432,432,A0,B0,C2,D1,100,E1,F2,139000
433,433,A0,B0,C2,D1,100,E1,F2,141525
434,434,A3,B0,C7,D1,100,E1,F2,175000
435,435,A2,B0,C69,D42,100,E3,F1,33000
436,436,A0,B0,C9,D2,100,E2,F2,269000
437,437,A0,B0,C2,D1,0,E1,F2,190000
438,438,A0,B0,C2,D1,0,E1,F2,190000
439,439,A1,B0,C11,D1,0,E1,F2,143865
440,440,A1,B0,C11,D24,100,E22,F2,72000
441,441,A0,B0,C2,D1,100,E1,F2   ,141525
442,442,A0,B0,C4,D1,0,E1,F2,100000
443,443,A1,B0,C11,D3,50,E3,F1,65666
444,444,A0,B0,C11,D1,0,E1,F2,129000
445,445,A1,B0,C2,D1,0,E1,F2,128750
446,446,A0,B0,C4,D1,0,E1,F2,116000
447,447,A2,B0,C6,D1,0,E1,F2,125000
448,448,A0,B0,C76,D1,100,E1,F0,183000
449,449,A0,B0,C39,D16,100,E14,F0,172309
450,450,A3,B0,C33,D3,50,E3,F2,130026
451,451,A1,B0,C11,D1,0,E1,F2,125000
452,452,A0,B0,C2,D1,0,E1,F2,115000
453,453,A0,B0,C11,D1,100,E1,F0,178800
454,454,A3,B0,C2,D1,0,E1,F2,200000
455,455,A0,B0,C2,D1,0,E1,F2,129300
456,456,A1,B0,C18,D3,0,E3,F1,84053
457,457,A0,B0,C11,D2,100,E2,F2,145000
458,458,A0,B0,C11,D1,100,E1,F2,216000
459,459,A2,B0,C2,D1,0,E1,F2,124234
460,460,A1,B0,C2,D1,100,E1,F2,151410
461,461,A0,B0,C9,D1,0,E1,F2,142200
462,462,A0,B0,C2,D2,0,E2,,190000
463,463,A0,B0,C4,D1,100,E1,F2,130000
464,464,A0,B0,C4,D1,0,E1,F2,169000
465,465,A0,B0,C2,D1,0,E1,F0,215000
466,466,A1,B0,C38,D1,50,E1,F0,423000
467,467,A0,B0,C11,D0,100,E0,F2,63040
468,468,A3,B0,C2,D1,0,E1,F2,200000
469,469,A0,B0,C11,D1,0,E1,F2,195700
470,470,A0,B0,C48,D3,0,E3,F0,123405
471,471,A0,B0,C3,D1,0,E1,F0,260000
472,472,A0,B0,C2,D1,0,E1,F2,210000
473,473,A1,B0,C4,D1,100,E1,F2,100000
474,474,A2,B0,C4,D1,100,E1,F2,75000
475,475,A0,B0,C4,D1,0,E1,F2,169000
476,476,A0,B0,C11,D1,100,E1,F2,160000
477,477,A0,B0,C11,D1,0,E1,F2,252000
478,478,A0,B0,C2,D39,0,E35,F2,77262
479,479,A0,B0,C4,D1,0,E1,F2,204500
480,480,A0,B0,C12,D1,0,E1,F2,235000
481,481,A1,B0,C53,D1,0,E1,F2,98000
482,482,A0,B0,C27,D1,0,E1,F2,140000
483,483,A3,B0,C11,D1,0,E1,F2,194500
484,484,A0,B0,C9,D1,0,E1,F2,142200
485,485,A0,B0,C2,D1,0,E1,F2,170000
486,486,A1,B0,C11,D4,50,E4,F0,112872
487,487,A2,B0,C11,D1,0,E1,F2,160000
488,488,A0,B0,C3,D1,100,E1,F2,184000
489,489,A1,B0,C2,D1,100,E1,F2,78000
490,490,A0,B0,C9,D1,0,E1,F2,172200
491,491,A0,B0,C4,D0,0,E0,F2,40777
492,492,A0,B0,C7,D1,100,E1,F2,231250
493,493,A2,B0,C11,D1,0,E1,F2,85000
494,494,A1,B0,C4,D1,100,E1,F2,100000
495,495,A0,B0,C2,D1,0,E1,F2,185900
496,496,A0,B0,C27,D1,0,E1,F2,198800
497,497,A1,B0,C4,D1,0,E1,F2,52500
498,498,A0,B0,C26,D1,0,E1,F2,245100
499,499,A1,B0,C9,D1,50,E1,F0,219000
500,500,A1,B0,C2,D58,100,E1,F1,45760
501,501,A0,B0,C2,D0,0,E0,F2,37824
502,502,A0,B0,C11,D1,100,E1,F2,165000
503,503,A0,B0,C4,D71,100,E1,,80000
504,504,A2,B0,C9,D1,0,E1,F2,145885
505,505,A1,B0,C7,D1,100,E1,F2,85000
506,506,A1,B0,C52,D8,0,E24,F2,50180
507,507,A0,B0,C15,D1,0,E1,F2,168400
508,508,A2,B0,C4,D1,100,E1,F1,55000
509,509,A0,B0,C15,D1,100,E1,F2,149040
510,510,A0,B0,C0,D1,100,E1,F0,235000
511,511,A0,B0,C18,D1,100,E1,F2,110000
512,512,A0,B0,C15,D1,100,E1,F2,115000
513,513,A0,B0,C47,D1,0,E1,F2,225900
514,514,A2,B0,C21,D4,0,E4,F0,110037
515,515,A0,B0,C55,D4,0,E4,F2,42533
516,516,A0,B0,C4,D1,0,E1,F2,110600
517,517,A0,B0,C11,D1,100,E1,,155000
518,518,A0,B0,C2,D1,0,E1,F2,160000
519,519,A0,B0,C2,D1,100,E1,F2,160000
520,520,A0,B0,C19,D1,100,E1,F2,109280
521,521,A0,B0,C38,D1,100,E1,F2,150000
522,522,A1,B0,C4,D1,100,E1,F0,80000
523,523,A0,B0,C11,D1,100,E1,F2,105000
524,524,A0,B0,C2,D2,0,E2,F2,176000
525,525,A0,B0,C11,D1,100,E1,F2,160000
526,526,A0,B0,C2,D1,0,E1,F2,228000
527,527,A1,B0,C11,D1,100,E1,F2,170000
528,528,A0,B0,C1,D1,100,E1,F2,100000
529,529,A0,B0,C4,D1,0,E1,F2,100000
530,530,A0,B0,C2,D1,0,E1,F2,185900
531,531,A0,B0,C2,D1,0,E1,F2,200160
532,532,A0,B0,C2,D32,50,E29,F0,63312
533,533,A0,B0,C11,D1,0,E1,F2,160000
534,534,A0,B0,C11,D1,0,E1,F2,250000
535,535,A0,B0,C11,D1,0,E1,F0,80000
536,536,A0,B0,C0,D3,100,E3,F2,173762
537,537,A0,B0,C11,D1,0,E1,F2,126000
538,538,A0,B0,C11,D1,0,E1,F2,172800
539,539,A0,B0,C15,D1,100,E1,F2,125000
540,540,A0,B0,C9,D1,0,E1,F2,153400
541,541,A0,B0,C85,D1,100,E1,F2,63000
542,542,A0,B0,C4,D1,0,E1,F2,85500
543,543,A0,B0,C26,D1,0,E1,F2,247500
544,544,A1,B0,C9,D1,0,E1,F2,87000
545,545,A0,B0,C4,D1,0,E1,F2,180180
546,546,A2,B0,C18,D1,0,E1,F2,100000
547,547,A0,B0,C15,D1,100,E1,F2,225000
548,548,A3,B0,C19,D1,0,E1,F2,155000
549,549,A0,B0,C11,D1,0,E1,F2,170000
550,550,A0,B0,C2,D1,100,E1,F2,183500
551,551,A0,B0,C2,D1,0,E1,F2,139500
552,552,A0,B0,C11,D0,0,E0,F2,68293
553,553,A1,B0,C11,D0,100,E0,F2,47280
554,554,A0,B0,C11,D1,0,E1,F2,140000
555,555,A1,B0,C4,D1,0,E1,F2,135000
556,556,A1,B0,C4,D1,0,E1,F2,144100
557,557,A0,B0,C85,D1,100,E1,F2,63000
558,558,A0,B0,C9,D1,0,E1,F2,129300
559,559,A1,B0,C4,D2,0,E2,F2,75000
560,560,A0,B0,C15,D1,100,E1, F2   ,180000
561,561,A0,B0,C2,D1,0,E1,F2,122000
562,562,A0,B0,C2,D1,0,E1,F2,165000
563,563,A0,B0,C2,D1,100,E1,F2,140000
564,564,A2,B0,C18,D72,0,E67,F0,100000
565,565,A0,B0,C4,D1,100,E1,F2,120250
566,566,A0,B0,C9,D1,100,E1,F2,216000
567,567,A1,B0,C2,D2,100,E2,F2,67597
568,568,A0,B0,C15,D1,100,E1,F2,149040
569,569,A0,B0,C17,D15,0,E13,F2,60000
570,570,A0,B0,C11,D1,100,E1,F2,135000
571,571,A0,B0,C4,D1,100,E1,F2,185000
572,572,A0,B0,C4,D4,0,E4,F2,70186
573,573,A1,B0,C2,D6,100,E6,F0,13989
574,574,A0,B0,C2,D1,0,E1,F2,150000
575,575,A1,B0,C2,D1,0,E1,F2,120000
576,576,A1,B0,C4,D1,100,E1,F2,110000
577,577,A1,B0,C2,D13,0,E19,F0,83171
578,578,A0,B0,C9,D1,0,E1,F2,284310
579,579,A0,B0,C9,D1,0,E1,F2,145000
580,580,A1,B0,C56,D1,100,E1,F2,150000
581,581,A0,B0,C2,D0,0,E0,F2,37824
582,582,A0,B0,C2,D1,0,E1,F2,185900
583,583,A0,B0,C11,D1,0,E1,F2,226700
584,584,A1,B0,C11,D1,0,E1,F2,115092
585,585,A0,B0,C2,D1,100,E1,F2,260000
586,586,A0,B0,C7,D1,0,E1,F2,143200
587,587,A0,B0,C26,D13,100,E19,F0,133766
588,588,A3,B0,C26,D1,0,E1,F2,260500
589,589,A0,B0,C2,D2,0,E2,F2,143100
590,590,A0,B0,C27,D1,100,E1,F2,115000
591,591,A0,B0,C2,D1,0,E1,F2,175000
592,592,A1,B0,C4,D4,0,E4,F2,97218
593,593,A0,B0,C15,D1,0,E1, F2   ,81500
594,594,A2,B0,C11,D1,100,E1,F0,80000
595,595,A0,B0,C11,D1,100,E1,F2,130000
596,596,A0,B0,C2,D1,0,E1,F2,93800
597,597,A0,B0,C3,D1,100,E1,F2,184000
598,598,A1,B0,C55,D4,0,E4,F2,51039
599,599,A0,B0,C11,D1,100,E1,F0,188000
600,600,A0,B0,C50,D1,0,E1, F2   ,145000
601,601,A0,B0,C2,D1,100,E1,F2,165000
602,602,A1,B0,C18,D4,0,E4,F2,195895
603,603,A0,B0,C11,D1,0,E1,F2,252000
604,604,A0,B0,C11,D1,0,E1,,172200
605,605,A0,B0,C4,D1,100,E1,F2,68400
606,606,A0,B0,C25,D8,100,E24,F0,75116
607,607,A0,B0,C2,D1,100,E1,F0,92000
608,608,A0,B0,C4,D1,0,E1,F2,185900
609,609,A0,B0,C11,D1,100,E1,F0,150000
610,610,A1,B0,C16,D6,100,E3,F1,69751
611,611,A0,B0,C11,D1,100,E1,F2,250000
612,612,A1,B0,C11,D1,100,E1,F2,90000
613,613,A0,B0,C11,D1,100,E1,F2,144000
614,614,A0,B0,C4,D1,0,E1,F2,240500
615,615,A0,B0,C4,D1,100,E1,,110000
616,616,A0,B0,C2,D1,100,E1,F2,208000
617,617,A0,B0,C4,D1,100,E1,F2,130000
618,618,A0,B0,C2,D1,0,E1,F0,202800
619,619,A0,B0,C11,D1,100,E1,F2,200000
620,620,A0,B0,C2,D1,0,E1,F2,185900
621,621,A0,B0,C2,D1,100,E1,F2,191475
622,622,A1,B0,C38,D31,100,E1,F2,38400
623,623,A0,B0,C2,D1,100,E1,F2,198200
624,624,A0,B0,C4,D0,0,E0,F2,36773
625,625,A0,B0,C11,D1,0,E1,F2,150000
626,626,A0,B0,C2,D1,100,E1,F2,148000
627,627,A3,B0,C11,D1,0,E1,F2,196200
628,628,A1,B0,C2,D12,50,E11,F0,40000
629,629,A0,B0,C9,D1,0,E1,F2,200000
630,630,A0,B0,C2,D1,0,E1,F2,198200
631,631,A0,B0,C4,D0,100,E0,F2,55800
632,632,A0,B0,C11,D1,100,E1,F2,175000
633,633,A0,B0,C2,D1,100,E1,F2,145000
634,634,A2,B0,C11,D31,0,E28,F0,12000
635,635,A0,B0,C2,D1,100,E1,F2,275300
636,636,A0,B0,C3,D1,0,E1, F0   ,309400
637,637,A0,B0,C52,D12,100,E11,F2,75116
638,638,A0,B0,C11,D1,100,E1,F2,250000
639,639,A1,B0,C18,D51,50,E51,F0,69999
640,640,A0,B0,C11,D1,0,E1,F2,175000
641,641,A0,B0,C15,D1,100,E1,F2,160000
642,642,A0,B0,C2,D1,100,E1,F2,84000
643,643,A1,B0,C11,D4,100,E4,F2,66837
644,644,A1,B0,C28,D1,100,E1,F2,130000
645,645,A0,B0,C2,D1,0,E1,F2,140000
646,646,A0,B0,C2,D1,0,E1,,180000
647,647,A0,B0,C40,D1,100,E1,F2,160000
648,648,A1,B0,C11,D1,0,E1,F2,130000
649,649,A1,B0,C2,D1,50,E1,F0,109000
650,650,A0,B0,C2,D1,0,E1,F2,175000
651,651,A0,B0,C4,D1,0,E1,F2,80000
652,652,A0,B0,C3,D1,100,E1,F2,205000
653,653,A0,B0,C3,D1,0,E1,F0,350000
654,654,A1,B0,C11,D4,100,E4,F2,67723
655,655,A0,B0,C15,D1,100,E1,F2,135000
656,656,A0,B0,C2,D1,100,E1, F2   ,130000
657,657,A0,B0,C2,D1,0,E1,F2,250000
658,658,A0,B0,C11,D1,0,E1,F2,163800
659,659,A0,B0,C3,D1,0,E1,F0,136000
660,660,A0,B0,C9,D1,0,E1,F2,172200
661,661,A1,B0,C4,D2,100,E2,F2,100000
662,662,A0,B0,C9,D1,0,E1,F2,172200
663,663,A0,B0,C6,D1,0,E1,F2,175000
664,664,A0,B0,C4,D1,100,E1,F2,93800
665,665,A0,B0,C11,D1,0,E1,F2,250000
666,666,A0,B0,C2,D1,0,E1,F2,129300
667,667,A0,B0,C2,D1,100,E1,F2,136620
668,668,A2,B0,C2,D3,0,E3,F1,49268
669,669,A0,B0,C4,D1,0,E1,F2,99000
670,670,A3,B0,C11,D1,0,E1,F2,115500
671,671,A3,B0,C11,D1,100,E1,F2,310000
672,672,A1,B0,C4,D1,0,E1,,126500
673,673,A1,B0,C2,D24,100,E22,F0,30000
674,674,A0,B0,C11,D1,0,E1, F2   ,100000
675,675,A2,B0,C20,D76,100,E61, F0   ,59102
676,676,A0,B0,C4,D1,0,E1,F2,106000
677,677,A0,B0,C9,D1,100,E1,F2,186000
678,678,A0,B0,C18,D1,0,E1,F2,150000
679,679,A1,B0,C4,D1,0,E1,F0,113000
680,680,A0,B0,C2,D1,100,E1,F2,297300
681,681,A1,B0,C2,D1,0,E1,F2,90000
682,682,A0,B0,C11,D1,0,E1,F2,135000
683,683,A1,B0,C63,D6,50,E18,F2,17509
684,684,A0,B0,C7,D1,0,E1,F2,150000
685,685,A0,B0,C11,D1,0,E1,F2,120000
686,686,A0,B0,C2,D1,0,E1,F2,105000
687,687,A0,B0,C4,D1,0,E1,F2,155000
688,688,A0,B0,C85,D1,0,E1,F2,250000
689,689,A0,B0,C11,D1,0,E1,F2,113750
690,690,A1,B0,C4,D0,100,E0,F2,42026
691,691,A0,B0,C11,D1,0,E1,F2,153600
692,692,A0,B0,C18,D1,0,E1,F2,145900
693,693,A0,B0,C9,D1,0,E1,F2,163800
694,694,A2,B0,C13,D5,100,E5,F 0,100000
695,695,A0,B0,C11,D1,0,E1,F2,160000
696,696,A0,B0,C11,D1,0,E1,F 2,135000
697,697,A0,B0,C18,D12,50,E11,F0,89306
698,698,A2,B0,C11,D1,100,E1,F0,80000
699,699,A1,B0,C4,D4,0,E4,F2,60761
700,700,A0,B0,C11,D1,0,E1,F2,240000
701,701,A0,B0,C11,D1,0,E1,F2,161800
702,702,A1,B0,C2,D1,100,E1,F2,120000
703,703,A2,B0,C4,D1,0,E1,F2   ,55000
704,704,A1,B0,C4,D1,100,E1,F2,60000
705,705,A1,B0,C11,D40,0,E1,F0,26005
706,706,A0,B0,C11,D1,100,E1,F2,175100
707,707,A2,B0,C9,D20,50,E17,F2,21844
708,708,A0,B0,C2,D2,0,E2,F2,258000
709,709,A1,B0,C11,D1,100,E1,F0,90000
710,710,A0,B0,C2,D1,100,E1,F2,175000
711,711,A0,B0,C18,D0,0,E0,F2,169200
712,712,A0,B0,C11,D1,0,E1,F 2,100000
713,713,A0,B0,C2,D1,100,E1,F2,210000
714,714,A0,B0,C7,D1,0,E1,F2,152000
715,715,A0,B0,C11,D8,0,E24,F2,36773
716,716,A1,B0,C27,D1,0,E1,F2,120000
717,717,A0,B0,C2,D1,0,E1,F2,115440
718,718,A0,B0,C2,D1,100,E1,F2,191475
719,719,A1,B0,C2,D1,0,E1,F2,130000
720,720,A0,B0,C4,D1,0,E1,F2,110600
721,721,A0,B0,C4,D1,100,E1,F2,75000
722,722,A1,B0,C4,D1,0,E1,F2,79000
723,723,A0,B0,C4,D0,0,E0, F2   ,50432
724,724,A0,B0,C9,D1,0,E1,F2,142200
725,725,A0,B0,C21,D1,100,E1,F0,177000
726,726,A0,B0,C7,D1,100,E1,F2,100000
727,727,A0,B0,C11,D1,0,E1,F2,252000
728,728,A0,B0,C57,D1,0,E1,F2,180000
729,729,A0,B0,C11,D1,0,E1,F2,160080
730,730,A0,B0,C2,D1,100,E1,F2,38000
731,731,A1,B0,C18,D1,100,E1,,150000
732,732,A0,B0,C11,D1,100,E1,F2,110500
733,733,A0,B0,C2,D1,100,E1,F2,168000
734,734,A0,B0,C11,D1,100,E1,F2,90000
735,735,A0,B0,C27,D1,0,E1,F2,169000
736,736,A0,B0,C9,D1,0,E1,F2,139500
737,737,A2,B0,C46,D1,0,E1,F2   ,160000
738,738,A0,B0,C15,D1,100,E1,F 2,235000
739,739,A0,B0,C2,D1,100,E1,F2,175000
740,740,A0,B0,C11,D1,100,E1,F2,236000
741,741,A0,B0,C11,D1,0,E1,F2,129300
742,742,A0,B0,C11,D1,100,E1,F2,62000
743,743,A0,B0,C3,D1,100,E1,F2   ,230000
744,744,A2,B0,C11,D1,0,E1,F2,135000
745,745,A0,B0,C2,D53,50,E52,F0,20171
746,746,A1,B0,C11,D0,100,E0,F2,66531
747,747,A0,B0,C2,D1,0,E1,F2,81500
748,748,A0,B0,C9,D1,100,E1,F2,135000
749,749,A0,B0,C9,D1,100,E1,F2,318300
750,750,A0,B0,C2,D1,0,E1,F2,129300
751,751,A0,B0,C15,D1,100,E1,F2,147800
752,752,A0,B0,C3,D1,100,E1,F2,196000
753,753,A0,B0,C11,D1,0,E1,F2,167500
754,754,A0,B0,C1,D1,100,E1,F2,234100
755,755,A0,B0,C11,D1,0,E1,F 2,152500
756,756,A0,B0,C11,D1,0,E1,F2,145000
757,757,A0,B0,C4,D2,100,E2,F2   ,135000
758,758,A1,B0,C4,D1,100,E1,F2,150000
759,759,A1,B0,C4,D1,0,E1,F2,206000
760,760,A2,B0,C17,D22,50,E20,F2,80000
761,761,A1,B2,C37,D46,50,E47,F2,45555
762,762,A0,B0,C11,D1,0,E1,F2   ,252000
763,763,A0,B0,C11,D1,0,E1,F2,185900
764,764,A1,B0,C11,D1,0,E1,F2,120000
765,765,A0,B0,C90,D1,100,E1,F0,185000
766,766,A0,B0,C4,D1,100,E1,F2   ,121600
767,767,A1,B0,C4,D1,0,E1,F2,150000
768,768,A0,B0,C86,D1,50,E1,F0,250000
769,769,A0,B0,C1,D1,100,E1,F2,183000
770,770,A0,B0,C2,D0,0,E0,F2,38631
771,771,A1,B0,C4,D21,50,E18,F2,65257
772,772,A0,B0,C11,D1,100,E1,F2,115000
773,773,A0,B0,C11,D1,0,E1,F2,133300
774,774,A0,B0,C11,D1,0,E1,F0,113000
775,775,A0,B0,C11,D1,100,E1,F2,105000
776,776,A0,B0,C2,D1,100,E1,F2,106800
777,777,A1,B0,C18,D3,0,E3, F1   ,126080
778,778,A0,B0,C11,D1,100,E1,F2,139000
779,779,A0,B0,C4,D1,100,E1,F2,170550
780,780,A1,B0,C2,D1,0,E1,F2,141300
781,781,A0,B0,C11,D1,100,E1,F2,121500
782,782,A0,B0,C26,D1,100,E1,F2,297300
783,783,A1,B0,C9,D4,0,E4,F2,121523
784,784,A0,B0,C9,D1,0,E1,F2,142200
785,785,A0,B0,C4,D1,0,E1,F2,169000
786,786,A0,B0,C11,D1,0,E1,F2,185900
787,787,A1,B0,C4,D1,100,E1,F2,83500
788,788,A1,B0,C4,D1,100,E1,F 2,112000
789,789,A1,B0,C2,D1,0,E1,F2,106250
790,790,A2,B0,C36,D8,100,E0,F2,31520
791,791,A1,B0,C4,D1,0,E1,F2,130000
792,792,A3,B0,C19,D1,0,E1,F2,140000
793,793,A0,B0,C11,D1,0,E1,F2,200000
794,794,A0,B0,C2,D0,0,E0,F2,37824
795,795,A1,B0,C4,D1,0,E1,F2,75000
796,796,A1,B0,C30,D1,0,E1,F2,130000
797,797,A0,B0,C11,D1,0,E1,F2,106800
798,798,A1,B0,C11,D13,50,E19,F0,75050
799,799,A0,B0,C11,D1,100,E1,F2,85000
800,800,A0,B0,C7,D1,100,E1,F2,152900
801,801,A0,B0,C3,D1,100,E1,F2,205000
802,802,A2,B0,C17,D6,50,E6,F0,300000
803,803,A0,B0,C9,D1,100,E1,F2,160000
804,804,A3,B0,C2,D1,0,E1,F2,185000
805,805,A0,B0,C11,D1,100,E1,F2,110000
806,806,A0,B0,C11,D1,0,E1,F2,185900
807,807,A0,B0,C11,D1,100,E1,F2,203300
808,808,A0,B0,C2,D1,100,E1,F2,135000
809,809,A0,B0,C2,D2,100,E2,F1,87738
810,810,A0,B0,C18,D1,0,E1,F2,150000
811,811,A0,B0,C4,D1,0,E1,F2,130000
812,812,A0,B0,C21,D13,100,E12,F2,68318
813,813,A1,B0,C11,D1,0,E1,F2,180000
814,814,A1,B0,C7,D1,100,E1,F2,108000
815,815,A2,B0,C11,D1,0,E1,F2,73900
816,816,A1,B0,C31,D1,100,E1,F0,87000
817,817,A0,B0,C9,D2,100,E2,F2,95000
818,818,A1,B0,C2,D1,0,E1,F0,73000
819,819,A2,B0,C9,D10,100,E9,F1,56536
820,820,A1,B0,C2,D29,100,E40,F0,33609
821,821,A0,B0,C2,D1,100,E1,F2,191475
822,822,A1,B0,C2,D6,100,E1,F2,31795
823,823,A0,B0,C9,D1,0,E1,F2,142200
824,824,A0,B0,C11,D1,100,E1,F2,170000
825,825,A0,B0,C2,D1,0,E1,F2,125000
826,826,A0,B0,C3,D1,100,E1,F2,142800
827,827,A0,B0,C4,D1,0,E1,F2,74178
828,828,A0,B0,C11,D1,100,E1,F2,200000
829,829,A0,B0,C9,D1,100,E1,F2,186000
830,830,A0,B0,C2,D1,100,E1,F2,240000
831,831,A0,B0,C11,D1,0,E1,F2,129000
832,832,A0,B0,C2,D1,0,E1,F2,145000
833,833,A0,B0,C4,D1,0,E1,F2,180000
834,834,A0,B0,C11,D1,100,E1,F2,141600
835,835,A0,B0,C2,D1,100,E1,F2,145000
836,836,A1,B0,C2,D68,100,E1,F1,48000
837,837,A1,B0,C18,D19,0,E49,F0,61989
838,838,A0,B0,C2,D1,100,E1,F2,191475
839,839,A0,B0,C11,D1,100,E1,F2,190000
840,840,A2,B0,C11,D1,100,E1, F2   ,61800
841,841,A0,B0,C9,D1,100,E1,F0,131300
842,842,A0,B0,C11,D1,0,E1,F2,120000
843,843,A0,B0,C11,D1,0,E1,F2,100706
844,844,A1,B0,C7,D1,0,E1,F2,165000
845,845,A0,B0,C15,D1,0,E1,F2,113000
846,846,A0,B0,C11,D1,0,E1,F2,133300
847,847,A0,B0,C11,D1,0,E1,,115000
848,848,A0,B0,C2,D1,0,E1,F2,151800
849,849,A2,B3,C12,D56,50,E54,F1,28609
850,850,A0,B0,C2,D0,0,E0,F2,48289
851,851,A2,B0,C11,D1,0,E1,F2,160000
852,852,A0,B0,C2,D1,0,E1,F2,210000
853,853,A0,B0,C9,D62,100,E60,F1,120000
854,854,A0,B0,C11,D1,100,E1,F0,106000
855,855,A0,B0,C9,D3,0,E3,F2,174000
856,856,A0,B0,C9,D1,0,E1,F2,145000
857,857,A2,B0,C9,D1,0,E1,F2,189750
858,858,A2,B0,C18,D4,50,E4,F0,82528
859,859,A2,B0,C9,D4,100,E4,F0,35093
860,860,A0,B0,C4,D1,100,E1,F2,128875
861,861,A0,B0,C11,D1,0,E1,F2,63000
862,862,A0,B0,C11,D1,100,E1,F2,160000
863,863,A0,B0,C11,D1,100,E1,F2,220110
864,864,A0,B0,C39,D1,100,E1,F1,190000
865,865,A0,B0,C7,D1,0,E1,F2,120000
866,866,A1,B0,C2,D12,50,E11,F1,42197
867,867,A3,B0,C11,D1,0,E1,F2,265000
868,868,A0,B0,C11,D1,0,E1,F2,145000
869,869,A2,B0,C4,D1,100,E1,F2   ,50000
870,870,A1,B0,C7,D1,0,E1,F2,185700
871,871,A0,B0,C4,D1,100,E1,F2,99750
872,872,A1,B0,C26,D1,100,E1,F2,241000
873,873,A0,B0,C11,D1,0,E1,F2,240000
874,874,A3,B0,C18,D9,0,E8,F0,84053
875,875,A0,B0,C4,D1,0,E1,F2,85000
876,876,A0,B0,C9,D4,0,E4,F2,101228
877,877,A1,B0,C36,D6,100,E1,F0,200000
878,878,A0,B0,C11,D1,100,E1,F2,100000
879,879,A0,B0,C18,D1,0,E1,F2,149850
880,880,A0,B0,C2,D1,100,E1,F2,183000
881,881,A0,B0,C11,D1,0,E1,F2,198800
882,882,A1,B0,C2,D0,100,E0,F2,38776
883,883,A0,B0,C11,D1,100,E1,F2,217000
884,884,A0,B0,C2,D1,0,E1,F2,317070
885,885,A0,B0,C11,D1,100,E1,F 2,93700
886,886,A0,B0,C9,D1,0,E1,F2,142200
887,887,A1,B0,C2,D7,0,E7, F0   ,65062
888,888,A0,B0,C4,D1,0,E1,F2,85700
889,889,A0,B0,C2,D1,100,E1,F2,175000
890,890,A0,B0,C2,D1,100,E1,F2,141525
891,891,A0,B0,C67,D1,0,E1,F2,175000
892,892,A0,B0,C11,D1,0,E1,F2   ,120000
893,893,A1,B0,C4,D1,0,E1,,216200
894,894,A0,B0,C4,D1,0,E1,F2,119000
895,895,A0,B0,C4,D1,100,E1,F2,75000
896,896,A0,B0,C6,D3,0,E3,F2   ,275000
897,897,A0,B0,C2,D1,100,E1,F2,245000
898,898,A0,B0,C18,D0,0,E0,F 2,253750
899,899,A1,B1,C1,D1,100,E1,F 1,30000
900,900,A0,B0,C9,D1,0,E1,F2,130000
901,901,A0,B0,C11,D1,0,E1,F2,129300
902,902,A0,B0,C4,D2,100,E2,F2,175000
903,903,A1,B0,C11,D1,100,E1,F2,90000
904,904,A0,B0,C2,D1,100,E1,F2,101570
905,905,A0,B0,C11,D0,100,E1,F2,193000
906,906,A0,B0,C71,D1,100,E1,F0,190000
907,907,A0,B0,C11,D1,100,E1,F2,106800
908,908,A0,B0,C2,D1,0,E1,F2,300240
909,909,A0,B0,C46,D1,100,E1,F2,120000
910,910,A0,B0,C2,D1,100,E1,F2,157750
911,911,A0,B0,C83,D2,50,E2,F0,117104
912,912,A1,B0,C4,D2,0,E2,F2,100000
913,913,A0,B0,C4,D1,100,E1,F 2,80000
914,914,A0,B0,C9,D1,0,E1,F2,172200
915,915,A1,B0,C9,D23,50,E21,F0,24823
916,916,A0,B0,C7,D1,100,E1,F2,138750
917,917,A1,B0,C2,D1,100,E1,F2,120000
918,918,A1,B0,C9,D34,0,E30,F1,50000
919,919,A0,B0,C2,D6,50,E6,F1,12888
920,920,A1,B0,C11,D1,0,E1,F 2,90000
921,921,A0,B0,C11,D1,0,E1,F2,185900
922,922,A0,B0,C2,D1,100,E1,F2,104890
923,923,A0,B0,C11,D1,0,E1,F 2,199000
924,924,A0,B0,C9,D1,0,E1, F2   ,90700
925,925,A0,B0,C11,D1,100,E1,F0,209100
926,926,A2,B0,C17,D38,0,E34,,6304
927,927,A0,B0,C7,D1,0,E1,,289800
928,928,A0,B0,C4,D1,0,E1, F2   ,70000
929,929,A0,B0,C4,D1,0,E1,F2,164000
930,930,A0,B0,C11,D1,100,E1,F2,140000
931,931,A1,B0,C2,D53,50,E52, F2   ,25000
932,932,A0,B0,C11,D1,0,E1,F2,70000
933,933,A0,B0,C17,D2,0,E2,F1,275000
934,934,A0,B0,C9,D3,50,E3,F0,94564
935,935,A2,B0,C18,D1,0,E1,F2,150000
936,936,A0,B0,C13,D1,0,E1,F2,72200
937,937,A0,B0,C57,D2,100,E2,F2,183600
938,938,A0,B0,C2,D1,100,E1,F2,185000
939,939,A0,B0,C4,D0,100,E0,,51508
940,940,A2,B0,C11,D1,0,E1,F2,135000
941,941,A0,B0,C26,D1,100,E1,,161342
942,942,A0,B0,C7,D1,100,E1,F2,231250
943,943,A1,B0,C9,D4,100,E4,F2,75344
944,944,A0,B0,C9,D12,100,E11,F2,115573
945,945,A0,B0,C2,D1,0,E1,F2,185900
946,946,A1,B0,C11,D77,50,E71,F0,28369
947,947,A1,B0,C2,D3,100,E3,F1,75648
948,948,A0,B0,C27,D1,0,E1,F2,199000
949,949,A0,B0,C27,D20,0,E17,F2,48000
950,950,A0,B0,C11,D4,100,E4,F2,55410
951,951,A1,B0,C27,D1,0,E1,F2,134000
952,952,A1,B0,C9,D1,100,E1,F2,175000
953,953,A2,B0,C2,D1,0,E1,F2,74540
954,954,A0,B0,C4,D1,100,E1,F2,125000
955,955,A1,B0,C9,D1,0,E1,F2,200000
956,956,A1,B0,C11,D4,100,E4,F0,115447
957,957,A0,B0,C4,D1,100,E1,F2,135000
958,958,A0,B0,C7,D1,0,E1,F2,180000
959,959,A0,B0,C2,D1,0,E1,F2,149076
960,960,A0,B0,C1,D1,0,E1,F2,150000
961,961,A0,B0,C4,D1,100,E1,F2,250000
962,962,A2,B0,C27,D1,100,E1,F2,77300
963,963,A0,B0,C11,D1,0,E1,F 2,197000
964,964,A0,B0,C2,D1,0,E1,F2   ,210000
965,965,A0,B0,C46,D1,100,E1,,130000
966,966,A1,B0,C26,D1,0,E1,F2,70000
967,967,A0,B0,C11,D1,0,E1,F2,171250
968,968,A1,B0,C2,D1,0,E1,F2,225000
969,969,A1,B0,C9,D4,0,E4,F2,121523
970,970,A0,B0,C4,D1,100,E1,F2,140000
971,971,A1,B0,C45,D1,100,E1,F2,100000
972,972,A0,B0,C15,D2,100,E2,F2,192400
973,973,A0,B0,C46,D1,100,E1,F2,140000
974,974,A1,B0,C4,D1,0,E1,F2,128000
975,975,A0,B0,C11,D1,0,E1,F2,200000
976,976,A0,B0,C2,D1,0,E1,F2,105000
977,977,A0,B0,C11,D1,100,E1,F2,63000
978,978,A0,B0,C4,D1,100,E1,F2,115000
979,979,A0,B0,C2,D1,100,E1,F2,146000
980,980,A0,B0,C7,D1,0,E1,F2,135000
981,981,A0,B0,C3,D1,0,E1,F0   ,136000
982,982,A1,B0,C2,D1,100,E1,F2,97750
983,983,A0,B0,C57,D1,0,E1, F2   ,170000
984,984,A1,B0,C9,D1,0,E1,F2,130000
985,985,A0,B0,C11,D1,100,E1,F2,180000
986,986,A0,B0,C9,D1,100,E1,F2,150000
987,987,A0,B0,C11,D1,0,E1,F0,240500
988,988,A0,B0,C27,D1,0,E1,F2,100000
989,989,A0,B0,C18,D1,0,E1,F2,141288
990,990,A2,B0,C30,D54,100,E1,F0,105000
991,991,A3,B0,C7,D1,100,E1,F2,210000
992,992,A0,B0,C2,D1,0,E1,F2,186000
993,993,A0,B0,C4,D1,0,E1,F2,150000
994,994,A0,B0,C4,D1,100,E1,F2,120000
995,995,A0,B0,C2,D1,0,E1,F2,220000
996,996,A1,B0,C9,D1,100,E1,F2,180000
997,997,A2,B0,C11,D4,100,E4,F2,43096
998,998,A1,B0,C11,D1,0,E1,F2,125000
999,999,A0,B0,C11,D1,0,E1,F2,109000
1000,1000,A1,B0,C9,D1,0,E1,F2,300000
1001,1001,A2,B0,C18,D9,50,E8,F0,42000
1002,1002,A0,B0,C4,D1,100,E1,F2,112900
1003,1003,A0,B0,C11,D1,100,E1,F2,150000
1004,1004,A1,B0,C34,D1,0,E1,F2,220000
1005,1005,A0,B0,C15,D1,100,E1,F2,190000
1006,1006,A0,B0,C11,D1,0,E1,F2,175000
1007,1007,A1,B0,C4,D1,0,E1,,150000
1008,1008,A2,B0,C4,D1,100,E1,F2,95000
1009,1009,A0,B0,C9,D1,100,E1,F2,85000
1010,1010,A0,B0,C26,D1,0,E1,F2,172200
1011,1011,A0,B0,C49,D1,0,E1,F2,110000
1012,1012,A0,B0,C11,D1,100,E1,F2,150000
1013,1013,A1,B0,C4,D1,0,E1,F2,100000
1014,1014,A2,B0,C29,D6,100,E6,F0,16228
1015,1015,A1,B0,C11,D1,0,E1,F2,250000
1016,1016,A0,B0,C11,D1,0,E1,F2,115000
1017,1017,A3,B0,C2,D1,0,E1,F2,145000
1018,1018,A0,B0,C6,D1,0,E1,F2,150000
1019,1019,A0,B0,C4,D1,0,E1,F2,110000
1020,1020,A0,B0,C61,D9,50,E8,F0,100000
1021,1021,A0,B0,C15,D1,100,E1,F0,131300
1022,1022,A0,B0,C40,D1,100,E1, F2   ,190000
1023,1023,A0,B0,C2,D1,0,E1,F2,180000
1024,1024,A0,B0,C11,D1,100,E1,F2,126000
1025,1025,A0,B0,C11,D1,0,E1,F2,175000
1026,1026,A1,B0,C2,D1,0,E1,F2,120000
1027,1027,A1,B0,C4,D1,0,E1,F2,64500
1028,1028,A0,B0,C4,D1,100,E1,F0,200000
1029,1029,A0,B0,C4,D1,0,E1,F2,216200
1030,1030,A0,B0,C4,D1,100,E1,F2,120000
1031,1031,A0,B0,C4,D1,100,E1,F2,105000
1032,1032,A0,B0,C6,D1,0,E1,F2,100000
1033,1033,A1,B0,C26,D1,0,E1,F2,220000
1034,1034,A0,B0,C18,D1,0,E1,F2,100000
1035,1035,A0,B0,C11,D1,100,E1,F 2,230000
1036,1036,A1,B0,C31,D6,50,E6,F0,18238
1037,1037,A0,B0,C30,D1,0,E1,F2,110000
1038,1038,A1,B0,C47,D4,0,E4,F2,72914
1039,1039,A1,B0,C2,D1,0,E1,F2,145000
1040,1040,A3,B0,C11,D1,0,E1,F2,200000
1041,1041,A0,B0,C2,D1,0,E1,F2,82365
1042,1042,A1,B0,C2,D4,50,E4,F0,116914
1043,1043,A0,B0,C4,D1,0,E1,F2,137500
1044,1044,A1,B0,C4,D1,0,E1,F2,130000
1045,1045,A0,B0,C4,D1,0,E1,,100500
1046,1046,A0,B0,C2,D1,0,E1,F2,129300
1047,1047,A2,B0,C9,D1,0,E1,F1,108000
1048,1048,A2,B0,C2,D3,50,E3,F1,62726
1049,1049,A0,B0,C11,D1,0,E1,F2,24000
1050,1050,A1,B0,C23,D4,100,E4,F2,57723
1051,1051,A2,B0,C2,D1,100,E1,F2,71907
1052,1052,A1,B0,C67,D51,100,E51,F2,5132
1053,1053,A1,B0,C11,D1,0,E1,F2,95000
1054,1054,A1,B0,C11,D1,0,E1,F2,145000
1055,1055,A0,B0,C4,D0,0,E0,F2,50432
1056,1056,A2,B0,C4,D1,100,E1,F0,150000
1057,1057,A0,B0,C3,D1,0,E1,F0,136000
1058,1058,A0,B0,C2,D1,100,E1,F2,185000
1059,1059,A0,B0,C11,D1,0,E1,F2,167580
1060,1060,A1,B0,C16,D1,0,E1,F2,130000
1061,1061,A0,B0,C11,D1,0,E1,F2,130000
1062,1062,A0,B0,C7,D1,100,E1,,122500
1063,1063,A1,B0,C11,D1,100,E1,F2,160000
1064,1064,A0,B0,C11,D4,100,E4,F2,61566
1065,1065,A1,B0,C9,D1,0,E1,,175000
1066,1066,A0,B0,C11,D1,0,E1,F2,75000
1067,1067,A0,B0,C2,D1,0,E1,F2,150000
1068,1068,A1,B0,C9,D64,50,E64,F1,74000
1069,1069,A0,B0,C11,D1,0,E1,,100000
1070,1070,A3,B0,C88,D6,50,E6,F0,76309
1071,1071,A1,B0,C11,D1,0,E1,F2,120000
1072,1072,A0,B0,C4,D1,100,E1,F2,112900
1073,1073,A3,B0,C4,D1,100,E1,F2,130000
1074,1074,A0,B0,C24,D12,50,E11,F1,53654
1075,1075,A1,B0,C2,D6,0,E6,F1,9466
1076,1076,A0,B0,C4,D1,0,E1,F2,135000
1077,1077,A0,B0,C3,D1,100,E1,F2,212800
1078,1078,A0,B0,C7,D1,0,E1,F2,197000
1079,1079,A0,B0,C11,D1,100,E1,F2,150000
1080,1080,A1,B0,C4,D4,100,E4,F2,43809
1081,1081,A0,B0,C2,D1,0,E1,F2,180000
1082,1082,A0,B0,C11,D1,100,E1,F2,172600
1083,1083,A0,B0,C4,D1,100,E1,F2,150075
1084,1084,A0,B0,C4,D1,0,E1,F2,95000
1085,1085,A0,B0,C2,D2,0,E2,,120000
1086,1086,A0,B0,C4,D1,0,E1,F2,130000
1087,1087,A0,B0,C51,D1,0,E1,F2,85000
1088,1088,A0,B0,C9,D1,100,E1,F0,200000
1089,1089,A0,B0,C3,D1,100,E1,F2,164000
1090,1090,A0,B0,C4,D1,100,E1,F2,100000
1091,1091,A0,B0,C2,D1,100,E1,F2,136000
1092,1092,A1,B0,C67,D29,100,E40,F1,44365
1093,1093,A0,B0,C11,D1,100,E1,F2,194000
1094,1094,A0,B0,C2,D1,0,E1,F2,203500
1095,1095,A0,B0,C4,D1,0,E1,F2,110600
1096,1096,A1,B0,C9,D1,0,E1,,150000
1097,1097,A0,B0,C2,D1,0,E1,F0,119300
1098,1098,A0,B0,C9,D14,50,E12,F1,63040
1099,1099,A0,B0,C11,D1,100,E1,F2,179305
1100,1100,A0,B0,C7,D1,100,E1,F2,190000
1101,1101,A0,B0,C11,D1,0,E1,F2,163800
1102,1102,A0,B0,C18,D8,50,E24,F0,60757
1103,1103,A0,B0,C7,D1,100,E1,F2,130000
1104,1104,A0,B0,C11,D1,0,E1,F2,300000
1105,1105,A0,B0,C11,D1,100,E1,F2,276000
1106,1106,A0,B0,C6,D1,0,E1,F2,189110
1107,1107,A0,B0,C7,D1,100,E1,F2,173000
1108,1108,A0,B0,C11,D1,100,E1,F2,175000
1109,1109,A0,B0,C4,D1,100,E1,F2,55000
1110,1110,A0,B0,C11,D1,0,E1,F0,150000
1111,1111,A0,B0,C11,D1,0,E1,,106800
1112,1112,A0,B0,C3,D1,100,E1,F2,205000
1113,1113,A2,B0,C2,D1,100,E1,F 1,90000
1114,1114,A0,B0,C2,D2,0,E2,F2,110000
1115,1115,A0,B0,C15,D1,0,E1,F2,174500
1116,1116,A0,B0,C15,D1,0,E1,F2,250500
1117,1117,A1,B0,C4,D1,0,E1,F2,62000
1118,1118,A2,B0,C2,D2,100,E2,F0,51081
1119,1119,A0,B0,C2,D1,100,E1,F2,130000
1120,1120,A1,B0,C4,D1,0,E1,F2,105000
1121,1121,A1,B0,C11,D1,0,E1,F2,95000
1122,1122,A0,B0,C7,D1,100,E1,F2,130000
1123,1123,A0,B0,C2,D1,100,E1, F2   ,154600
1124,1124,A0,B0,C2,D1,100,E1,F2,153600
1125,1125,A0,B0,C72,D3,100,E3,F0,79197
1126,1126,A0,B0,C11,D1,100,E1,F2,135000
1127,1127,A0,B0,C2,D1,100,E1,F0,159200
1128,1128,A1,B0,C34,D60,100,E59,F2,22800
1129,1129,A0,B0,C11,D1,0,E1,F2,129000
1130,1130,A2,B0,C11,D1,0,E1,F2,90000
1131,1131,A1,B0,C34,D1,50,E1,F2,153000
1132,1132,A0,B0,C9,D1,0,E1,F2,204500
1133,1133,A0,B0,C2,D1,0,E1,F2,162500
1134,1134,A0,B0,C11,D1,100,E1,F2,231500
1135,1135,A3,B0,C11,D1,100,E1,F2,310000
1136,1136,A1,B0,C7,D4,0,E4, F2   ,73880
1137,1137,A1,B0,C2,D19,100,E3,F2,60093
1138,1138,A1,B0,C4,D1,100,E1,F2,135000
1139,1139,A0,B0,C6,D3,0,E3,F2,174000
1140,1140,A2,B0,C2,D6,100,E1,F2,50000
1141,1141,A0,B0,C11,D1,100,E1,F2,250000
1142,1142,A1,B0,C11,D1,0,E1,F 2,130000
1143,1143,A1,B0,C56,D4,100,E4,F2,49253
1144,1144,A1,B0,C11,D37,100,E33,F2,73546
1145,1145,A0,B0,C2,D37,100,E1,F0,68428
1146,1146,A0,B0,C9,D1,0,E1,F2,100000
1147,1147,A1,B0,C11,D1,0,E1,F2,150000
1148,1148,A0,B0,C30,D1,0,E1,F2,165000
1149,1149,A0,B0,C18,D1,0,E1,F2,200000
1150,1150,A0,B0,C6,D3,100,E3,F1,85847
1151,1151,A0,B0,C46,D1,100,E1,F2,140000
1152,1152,A2,B0,C2,D12,0,E11,F1,51321
1153,1153,A0,B0,C2,D1,100,E1,F2,140000
1154,1154,A0,B0,C4,D58,100,E56,F 1,50000
1155,1155,A1,B0,C11,D4,100,E4,F2,92350
1156,1156,A0,B0,C4,D1,0,E1,F2,160000
1157,1157,A0,B0,C9,D1,0,E1,F2,109400
1158,1158,A0,B0,C11,D1,100,E1,F2,205600
1159,1159,A0,B0,C2,D1,0,E1,F2,300240
1160,1160,A0,B0,C27,D1,0,E1,F2,105200
1161,1161,A1,B0,C11,D44,0,E43,F2,110446
1162,1162,A0,B0,C2,D1,0,E1,F2,220000
1163,1163,A1,B0,C18,D1,0,E1,F2,85000
1164,1164,A0,B0,C11,D1,100,E1,F2,160000
1165,1165,A0,B0,C4,D1,0,E1,,227000
1166,1166,A0,B0,C11,D1,0,E1,F2,140000
1167,1167,A0,B0,C2,D1,0,E1,F2   ,140000
1168,1168,A0,B0,C2,D1,0,E1,F2,146000
1169,1169,A0,B0,C11,D1,0,E1,F2,129000
1170,1170,A1,B0,C4,D28,0,E27,F2,72914
1171,1171,A0,B0,C15,D4,100,E4,F2,92000
1172,1172,A0,B0,C9,D1,0,E1,F2,122700
1173,1173,A1,B0,C52,D1,0,E1,F2,205920
1174,1174,A0,B0,C40,D1,100,E1,F2,115000
1175,1175,A0,B0,C2,D1,0,E1,F2,159832
1176,1176,A0,B0,C11,D1,100,E1,F2,154000
1177,1177,A0,B0,C18,D1,0,E1,F2,200000
1178,1178,A0,B0,C83,D1,100,E1,F2,150000
1179,1179,A1,B0,C11,D1,0,E1,F2,120000
1180,1180,A1,B0,C11,D1,0,E1,F2,130000
1181,1181,A0,B0,C4,D1,100,E1,F 2,109280
1182,1182,A0,B0,C7,D1,0,E1,F2,120000
1183,1183,A0,B0,C3,D1,0,E1,F0,309400
1184,1184,A0,B0,C11,D1,0,E1,,191200
1185,1185,A3,B0,C54,D68,0,E25,F2,85000
1186,1186,A0,B0,C1,D1,0,E1,F2,240000
1187,1187,A1,B0,C4,D12,50,E11,F0,46759
1188,1188,A2,B0,C4,D2,0,E2,F0,40663
1189,1189,A3,B0,C34,D1,100,E1,F1,200000
1190,1190,A1,B0,C4,D1,100,E1,F2,75000
1191,1191,A0,B0,C11,D1,100,E1,F2,259000
1192,1192,A0,B0,C65,D2,50,E2,F0,127221
1193,1193,A0,B0,C11,D1,0,E1,F2,180000
1194,1194,A0,B0,C2,D1,100,E1,F2,177500
1195,1195,A1,B0,C11,D1,0,E1,,130000
1196,1196,A0,B0,C11,D1,100,E1,F2,216000
1197,1197,A2,B0,C53,D3,0,E3,F0,60938
1198,1198,A1,B0,C11,D4,100,E4,F2,92350
1199,1199,A0,B0,C11,D1,100,E1,F0,153000
1200,1200,A1,B0,C2,D21,100,E15,F2,119059
1201,1201,A0,B0,C3,D1,0,E1,F0,222200
1202,1202,A0,B0,C11,D1,100,E1,F2,297500
1203,1203,A1,B0,C4,D1,0,E1,F2,165000
1204,1204,A0,B0,C4,D1,0,E1,F2,99000
1205,1205,A1,B0,C2,D3,100,E3,F1,60938
1206,1206,A0,B0,C4,D1,100,E1,,192500
1207,1207,A0,B0,C11,D1,0,E1,,223250
1208,1208,A1,B0,C53,D48,50,E1,F0,36259
1209,1209,A0,B0,C15,D1,100,E1,,376080
1210,1210,A0,B0,C2,D1,0,E1,F2,205000
1211,1211,A0,B0,C15,D1,100,E1,F2,117000
1212,1212,A1,B0,C2,D1,0,E1,F2,183310
1213,1213,A0,B0,C2,D1,100,E1,F2,183500
1214,1214,A0,B0,C15,D1,100,E1,F2,213120
1215,1215,A0,B0,C2,D1,100,E1,F2,90000
1216,1216,A0,B0,C4,D1,100,E1,F2,75000
1217,1217,A0,B0,C12,D1,0,E1,F2,215000
1218,1218,A0,B0,C11,D1,100,E1,F2,75000
1219,1219,A1,B0,C2,D6,100,E58,F0,53416
1220,1220,A0,B0,C9,D1,100,E1,F2,140000
1221,1221,A1,B0,C2,D4,0,E4,F2,67723
1222,1222,A0,B0,C67,D1,0,E1,F2,135000
1223,1223,A0,B0,C11,D1,100,E1,F2,126000
1224,1224,A3,B0,C15,D1,0,E1,F2,155000
1225,1225,A1,B0,C4,D1,0,E1,F 2,109000
1226,1226,A1,B0,C2,D1,0,E1,F2,170000
1227,1227,A0,B0,C11,D1,100,E1,F0,200000
1228,1228,A0,B0,C4,D1,0,E1,F2,110600
1229,1229,A0,B0,C9,D1,100,E1,F2,180000
1230,1230,A0,B0,C4,D1,100,E1,F2,127000
1231,1231,A1,B0,C2,D9,50,E8,F0,73546
1232,1232,A0,B0,C15,D1,100,E1,F 2,180000
1233,1233,A0,B0,C11,D1,0,E1,F2,170000
1234,1234,A0,B0,C4,D1,100,E1,F2,236600
1235,1235,A0,B0,C9,D1,0,E1,F2,126000
1236,1236,A1,B0,C9,D1,0,E1,F2,145000
1237,1237,A1,B0,C4,D1,100,E1,F0,85000
1238,1238,A0,B0,C2,D1,100,E1,F2,155000
1239,1239,A0,B0,C34,D1,0,E1,F2,170000
1240,1240,A2,B0,C60,D13,100,E19,F1,150000
1241,1241,A0,B0,C11,D1,100,E1,F2,188700
1242,1242,A0,B0,C2,D19,0,E49,F1,91237
1243,1243,A0,B0,C9,D4,0,E4,F2,67141
1244,1244,A2,B0,C2,D0,50,E0,F2,31520
1245,1245,A1,B0,C2,D0,100,E0,F2,46809
1246,1246,A1,B0,C1,D1,0,E1,F2,147000
1247,1247,A1,B0,C11,D0,100,E0,,95000
1248,1248,A0,B0,C11,D1,100,E1,F2,160000
1249,1249,A1,B0,C11,D1,0,E1,F2,170000
1250,1250,A0,B0,C11,D1,0,E1,F2,106500
1251,1251,A2,B0,C11,D1,100,E1,F2,92700
1252,1252,A1,B0,C11,D4,100,E4, F0   ,82528
1253,1253,A0,B0,C9,D1,0,E1,F0,176100
1254,1254,A0,B0,C11,D1,100,E1,F2,165000
1255,1255,A0,B0,C57,D1,0,E1,F2,90000
1256,1256,A0,B0,C11,D1,0,E1,F2,130000
1257,1257,A0,B0,C2,D1,0,E1,F0,215300
1258,1258,A0,B0,C4,D1,0,E1,F2,169000
1259,1259,A0,B0,C26,D1,100,E1,F2,138750
1260,1260,A0,B0,C2,D1,100,E1,F2,141525
1261,1261,A0,B0,C11,D1,0,E1,F2,95000
1262,1262,A0,B0,C11,D1,100,E1,F2,200000
1263,1263,A3,B0,C11,D1,0,E1,F2,205000
1264,1264,A0,B0,C51,D1,0,E1,F2,105000
1265,1265,A0,B0,C2,D1,100,E1,F2,210000
1266,1266,A2,B0,C2,D6,100,E6,F2   ,28399
1267,1267,A0,B0,C4,D1,0,E1,F2,128500
1268,1268,A1,B0,C2,D1,100,E1,F0,155000
1269,1269,A0,B0,C2,D1,0,E1,F2,225000
1270,1270,A1,B0,C2,D1,50,E1,F0,108000
1271,1271,A0,B0,C2,D1,0,E1,F2,149076
1272,1272,A1,B0,C23,D4,100,E4,,85066
1273,1273,A0,B0,C2,D1,0,E1,F2,134000
1274,1274,A0,B0,C2,D1,0,E1,F2,150000
1275,1275,A0,B0,C11,D1,0,E1,F2,129000
1276,1276,A0,B0,C11,D1,100,E1,F2,222000
1277,1277,A0,B0,C2,D1,100,E1,F2,145000
1278,1278,A0,B0,C11,D1,0,E1,F2,185000
1279,1279,A1,B0,C9,D29,100,E40,F0,46597
1280,1280,A0,B0,C2,D1,100,E1,F2,123000
1281,1281,A0,B0,C2,D1,100,E1,F2,275300
1282,1282,A0,B0,C4,D1,100,E1,F2,110000
1283,1283,A0,B0,C11,D1,0,E1,F2,300000
1284,1284,A0,B0,C4,D1,100,E1,F2,93700
1285,1285,A2,B0,C6,D1,0,E1,F2,120000
1286,1286,A1,B0,C4,D1,0,E1,F2,100000
1287,1287,A0,B0,C4,D1,100,E1,F 2,81666
1288,1288,A0,B0,C7,D1,0,E1,F2,87000
1289,1289,A1,B0,C11,D1,0,E1,F2,162500
1290,1290,A0,B0,C9,D45,100,E57,F2,88654
1291,1291,A0,B0,C64,D1,0,E1,F2,225000
1292,1292,A2,B3,C2,D59,100,E11,F2,110000
1293,1293,A0,B0,C4,D1,0,E1,F2,100000
1294,1294,A3,B0,C11,D1,100,E1,F2,310000
1295,1295,A0,B0,C4,D1,0,E1,F2   ,120000
1296,1296,A0,B0,C11,D1,0,E1,F2,178600
1297,1297,A0,B0,C60,D9,100,E2,F0,53654
1298,1298,A1,B0,C11,D4,0,E4,F2,92350
1299,1299,A0,B0,C9,D6,100,E6,F0,24342
1300,1300,A1,B0,C60,D3,100,E1,F1,95746
1301,1301,A0,B0,C9,D1,100,E1,F2,180000
1302,1302,A0,B0,C11,D1,0,E1,F2,120000
1303,1303,A0,B0,C2,D1,100,E1,F2,237000
1304,1304,A0,B0,C11,D1,0,E1,F2,200000
1305,1305,A0,B0,C9,D62,100,E60,F1,65000
1306,1306,A0,B0,C3,D1,100,E1,F 2,184000
1307,1307,A0,B0,C2,D1,100,E1,F2,155000
1308,1308,A0,B0,C82,D6,100,E6,FO,38154
1309,1309,A1,B0,C11,D1,0,E1,F2,120000
1310,1310,A0,B0,C11,D1,0,E1,F2,129300
1311,1311,A0,B0,C9,D1,100,E1,F2,188800
1312,1312,A2,B2,C9,D47,100,E46,F2,100000
1313,1313,A0,B0,C11,D1,0,E1,F2,129000
1314,1314,A0,B0,C4,D1,100,E1,F2,115934
1315,1315,A0,B0,C2,D1,0,E1,F2,156400
1316,1316,A0,B0,C15,D2,100,E2,F2,90700
1317,1317,A0,B0,C2,D1,0,E1,F2,165000
1318,1318,A1,B0,C4,D4,0,E4,F2,61566
1319,1319,A1,B0,C11,D37,100,E33,F2,84053
1320,1320,A1,B0,C11,D1,0,E1,F2,162500
1321,1321,A0,B0,C4,D11,100,E10,F2,42533
1322,1322,A0,B0,C11,D1,100,E1,F2,170000
1323,1323,A0,B0,C2,D1,0,E1,F2,159832
1324,1324,A1,B0,C9,D4,0,E4,F2,145828
1325,1325,A0,B0,C15,D1,100,E1,F2,208775
1326,1326,A0,B0,C2,D1,0,E1,F2,122000
1327,1327,A0,B0,C50,D1,0,E1,,128000
1328,1328,A2,B0,C4,D12,50,E11,F2,28368
1329,1329,A2,B0,C12,D1,0,E1,F2,220000
1330,1330,A1,B0,C2,D1,100,E1,F0,135000
1331,1331,A0,B0,C11,D37,50,E33,F0,47899
1332,1332,A1,B0,C4,D28,0,E27, F2   ,109371
1333,1333,A0,B0,C11,D1,0,E1,F2,183600
1334,1334,A1,B0,C11,D37,100,E33,F2,63040
1335,1335,A1,B0,C11,D4,0,E4,F2,110820
1336,1336,A1,B0,C4,D1,0,E1,F2   ,120000
1337,1337,A0,B0,C49,D1,0,E1,F2,160000
1338,1338,A0,B0,C11,D1,0,E1,F2,145000
1339,1339,A0,B0,C11,D1,100,E1,F2,135000
1340,1340,A2,B0,C12,D1,0,E1,F2,125000
1341,1341,A1,B0,C2,D1,100,E1, F2   ,130000
1342,1342,A1,B0,C19,D1,0,E1,F2,140000
1343,1343,A0,B0,C2,D1,0,E1,F2,239748
1344,1344,A0,B0,C11,D1,0,E1,F2   ,132300
1345,1345,A1,B0,C11,D1,0,E1,F2,115000
1346,1346,A0,B0,C11,D1,100,E1,F0,131300
1347,1347,A0,B0,C11,D1,0,E1,F0,205600
1348,1348,A2,B0,C2,D12,0,E11,F2,39916
1349,1349,A0,B0,C2,D1,100,E1,,191475
1350,1350,A1,B0,C4,D1,100,E1,F2,120000
1351,1351,A0,B0,C11,D1,0,E1,F2,99100
1352,1352,A0,B0,C36,D20,100,E17,F0,125000
1353,1353,A0,B0,C2,D1,100,E1,F2,123000
1354,1354,A0,B0,C9,D1,100,E1,F2,184000
1355,1355,A0,B0,C11,D1,100,E1,F2,150000
1356,1356,A0,B0,C2,D1,0,E1,F2,185000
1357,1357,A0,B0,C2,D1,100,E1,F0,158200
1358,1358,A0,B0,C11,D1,0,E1,F2,160000
1359,1359,A0,B0,C4,D1,100,E1,,100000
1360,1360,A0,B0,C3,D1,0,E1,F0,262500
1361,1361,A0,B0,C2,D1,0,E1,F0,100000
1362,1362,A3,B0,C26,D1,0,E1,,222640
1363,1363,A1,B0,C11,D1,0,E1,F2,75000
1364,1364,A0,B0,C46,D1,100,E1,F2,110000
1365,1365,A0,B0,C9,D1,100,E1,F2,192000
1366,1366,A0,B0,C11,D1,0,E1,F2,160000
1367,1367,A1,B0,C11,D1,0,E1,F2,102000
1368,1368,A0,B0,C2,D1,0,E1,F2,150000
1369,1369,A3,B0,C11,D1,0,E1,F2,175000
1370,1370,A0,B0,C11,D1,0,E1,F2,94300
1371,1371,A0,B0,C11,D1,0,E1,F2,100000
1372,1372,A0,B0,C4,D1,0,E1,F2,120000
1373,1373,A2,B0,C60,D1,100,E1,F2,70000
1374,1374,A2,B0,C11,D64,100,E64,F1,41689
1375,1375,A0,B0,C26,D1,0,E1,F2,245100
1376,1376,A1,B0,C11,D1,0,E1,F2,140000
1377,1377,A2,B0,C50,D1,100,E1,F1,90000
1378,1378,A1,B0,C4,D1,100,E1,F2,167000
1379,1379,A1,B0,C11,D1,0,E1,F2,120000
1380,1380,A0,B0,C2,D1,0,E1,F2,129300
1381,1381,A0,B0,C2,D1,0,E1,F2,134000
1382,1382,A1,B0,C2,D1,50,E1,F0,147000
1383,1383,A0,B0,C26,D1,0,E1,F2,134236
1384,1384,A0,B0,C11,D1,0,E1,F2,252000
1385,1385,A0,B0,C7,D1,0,E1,F2,184700
1386,1386,A0,B0,C9,D1,0,E1,F2,248700
1387,1387,A0,B0,C7,D1,0,E1,F2,179820
1388,1388,A0,B0,C4,D1,0,E1,F2,125000
1389,1389,A2,B0,C4,D1,0,E1,F2,48000
1390,1390,A0,B0,C4,D1,0,E1,F2,125600
1391,1391,A1,B0,C19,D1,0,E1,F2,140000
1392,1392,A0,B0,C11,D4,100,E4,F2,82280
1393,1393,A0,B0,C9,D1,0,E1,F2,142200
1394,1394,A3,B0,C33,D1,100,E1,F0,325000
1395,1395,A1,B0,C15,D1,100,E1,F0,170000
1396,1396,A0,B0,C2,D1,100,E1,F2,150000
1397,1397,A0,B0,C11,D1,100,E1,F2,129400
1398,1398,A0,B0,C4,D1,0,E1,F2,132000
1399,1399,A0,B0,C2,D1,100,E1,F2,183500
1400,1400,A0,B0,C2,D4,0,E4,F2,98506
1401,1401,A0,B0,C11,D8,0,E24,F2,37558
1402,1402,A0,B0,C11,D1,0,E1,F2,168400
1403,1403,A0,B0,C11,D1,0,E1,,120000
1404,1404,A0,B0,C2,D1,100,E1,F2,141525
1405,1405,A0,B0,C11,D1,0,E1,F2,105000
1406,1406,A0,B0,C26,D6,50,E6,F0,94665
1407,1407,A0,B0,C27,D1,0,E1,F2,120000
1408,1408,A0,B0,C9,D1,0,E1,F2,204500
1409,1409,A0,B0,C4,D1,0,E1, F2   ,145000
1410,1410,A1,B0,C4,D1,0,E1,,80000
1411,1411,A1,B0,C4,D1,100,E1,F2,110000
1412,1412,A0,B0,C11,D1,100,E1,F2,154600
1413,1413,A0,B0,C9,D1,0,E1,F2,119000
1414,1414,A1,B0,C9,D10,100,E9,F0,104697
1415,1415,A0,B0,C4,D1,0,E1,F2,168400
1416,1416,A0,B0,C4,D1,0,E1,F2,135000
1417,1417,A0,B0,C2,D1,100,E1,F2,154000
1418,1418,A0,B0,C4,D1,0,E1,F2,153600
1419,1419,A0,B0,C2,D1,100,E1,F2,134000
1420,1420,A0,B0,C9,D1,0,E1,F2,128280
1421,1421,A0,B0,C4,D1,0,E1,F2,108000
1422,1422,A0,B0,C2,D1,100,E1,F2,110000
1423,1423,A0,B0,C11,D1,0,E1,F2,70500
1424,1424,A0,B0,C11,D1,100,E1,F2,100000
1425,1425,A2,B0,C4,D30,50,E1,F0,50000
1426,1426,A0,B0,C9,D24,100,E22,F2,185000
1427,1427,A0,B0,C19,D1,100,E1,,120000
1428,1428,A0,B0,C2,D1,100,E1,,182200
1429,1429,A0,B0,C30,D1,100,E1,F2,95000
1430,1430,A1,B0,C2,D1,100,E1,F2,200000
1431,1431,A2,B0,C4,D1,0,E1,F2,48000
1432,1432,A0,B0,C11,D1,0,E1,F2,120000
1433,1433,A0,B0,C11,D1,0,E1,F2,106500
1434,1434,A2,B0,C11,D1,0,E1,F2,135000
1435,1435,A1,B0,C34,D1,100,E1,F0,112300
1436,1436,A0,B0,C4,D1,100,E1,F2,95000
1437,1437,A0,B0,C11,D1,0,E1,F0,229998
1438,1438,A0,B0,C7,D1,100,E1,,120000
1439,1439,A0,B0,C18,D1,0,E1,F2,210000
1440,1440,A0,B0,C4,D1,0,E1,F2,95000
1441,1441,A0,B0,C68,D1,100,E1,F0,125000
1442,1442,A1,B0,C35,D1,100,E1,F2,134000
1443,1443,A0,B0,C2,D1,0,E1,F2,140800
1444,1444,A0,B0,C9,D1,50,E1,F0,185000
1445,1445,A0,B0,C26,D6,50,E1,F0,54094
1446,1446,A2,B3,C4,D1,100,E1,F1,34320
1447,1447,A0,B0,C2,D1,100,E1,F2,136994
1448,1448,A0,B0,C9,D1,100,E1,F2,304000
1449,1449,A0,B0,C26,D1,100,E1,F2,243225
1450,1450,A1,B0,C18,D1,100,E1,F2,210000
1451,1451,A0,B0,C15,D1,0,E1,F2,113000
1452,1452,A0,B0,C11,D1,100,E1,F2,110000
1453,1453,A1,B0,C2,D26,100,E23,F2,54000
1454,1454,A0,B0,C11,D1,100,E1,,146000
1455,1455,A0,B0,C11,D1,0,E1,F2,180000
1456,1456,A0,B0,C4,D1,0,E1,F2,110600
1457,1457,A3,B0,C11,D1,100,E1,F2,286000
1458,1458,A0,B0,C31,D1,100,E1,FO,170000
1459,1459,A0,B0,C4,D1,100,E1,F2,128875
1460,1460,A0,B0,C11,D1,0,E1,F2,63000
1461,1461,A2,B0,C53,D1,50,E1,F1   ,55000
1462,1462,A1,B0,C2,D53,0,E52,F2,10000
1463,1463,A0,B0,C2,D1,0,E1,F 2,156400
1464,1464,A0,B0,C2,D12,50,E11,,53192
1465,1465,A1,B0,C41,D1,0,E1,F2,75000
1466,1466,A0,B0,C9,D1,0,E1,F2,204500
1467,1467,A0,B0,C4,D1,0,E1,F2,150000
1468,1468,A2,B3,C60,D56,50,E54,F0,19073
1469,1469,A2,B0,C9,D1,100,E1,F1,125000
1470,1470,A0,B0,C11,D1,0,E1,F2,229000
1471,1471,A2,B0,C6,D4,100,E4,,60000
1472,1472,A0,B0,C3,D1,100,E1,F2,230000
1473,1473,A0,B0,C4,D1,0,E1,F2,141290
1474,1474,A0,B0,C18,D1,0,E1,F2,185000
1475,1475,A0,B0,C11,D1,0,E1,F2,213000
1476,1476,A0,B0,C15,D1,100,E1,F2,113900
1477,1477,A1,B0,C2,D4,0,E4,F2,61566
1478,1478,A0,B0,C9,D1,0,E1,F2,164996
1479,1479,A0,B0,C11,D1,0,E1,F2,150000
1480,1480,A0,B0,C11,D1,100,E1,F2,162500
1481,1481,A0,B0,C2,D1,100,E1,,237000
1482,1482,A0,B0,C15,D1,0,E1,F2,128000
1483,1483,A3,B0,C87,D2,100,E2,F1,115222
1484,1484,A0,B0,C11,D1,100,E1,F2,63000
1485,1485,A0,B0,C2,D1,0,E1,F0,239000
1486,1486,A0,B0,C11,D16,100,E14,F2,101943
1487,1487,A0,B0,C4,D1,0,E1,F2,90320
1488,1488,A0,B0,C15,D1,100,E1,F2,135000
1489,1489,A2,B0,C2,D6,50,E6,F0,12767
1490,1490,A0,B0,C11,D1,0,E1,F2,140000
1491,1491,A0,B0,C4,D0,0,E0,F2,50432
1492,1492,A2,B0,C37,D18,0,E16,F1,7000
1493,1493,A2,B0,C2,D1,100,E1,F2,100000
1494,1494,A0,B0,C4,D1,0,E1,F2,175000
1495,1495,A0,B0,C2,D1,100,E1,F2,158677
1496,1496,A0,B0,C2,D1,100,E1,F2,141525
1497,1497,A0,B0,C2,D1,100,E1,F2,191475
1498,1498,A0,B0,C11,D1,0,E1,F 2,129000
1499,1499,A0,B0,C11,D1,100,E1,F0,178800
1500,1500,A0,B0,C11,D1,0,E1,F2,129000
1501,1501,A0,B0,C21,D1,100,E1,F0,380000
1502,1502,A1,B0,C9,D4,100,E4,F2,58331
1503,1503,A2,B0,C6,D1,0,E1,F2,160000
1504,1504,A0,B0,C4,D1,0,E1,F2,106020
1505,1505,A3,B0,C2,D1,0,E1,F2,200000
1506,1506,A0,B0,C4,D1,100,E1,F2,109280
1507,1507,A0,B0,C2,D1,0,E1,,195000
1508,1508,A0,B0,C11,D1,100,E1,F1,115000
1509,1509,A0,B0,C7,D1,0,E1,F2,250000
1510,1510,A0,B0,C9,D1,0,E1,F2,204500
1511,1511,A0,B0,C4,D1,0,E1,F2,169000
1512,1512,A0,B0,C11,D1,100,E1,F2,210000
1513,1513,A1,B0,C4,D1,0,E1,F2,160000
1514,1514,A0,B0,C11,D1,100,E1,F2,130000
1515,1515,A0,B0,C11,D1,0,E1,F2,81500
1516,1516,A0,B0,C9,D28,100,E27,F1,45618
1517,1517,A0,B0,C2,D1,0,E1,F2,136000
1518,1518,A0,B0,C2,D6,100,E6,F2,17805
1519,1519,A0,B0,C4,D1,100,E1,F2,136260
1520,1520,A0,B0,C85,D1,100,E1,F2,250000
1521,1521,A0,B0,C6,D1,0,E1,F2,293000
1522,1522,A1,B0,C11,D12,50,E11,F0,70139
1523,1523,A3,B0,C54,D1,0,E1,F2,195800
1524,1524,A1,B0,C2,D6,100,E6,F1,16904
1525,1525,A1,B1,C1,D1,100,E1,F1,25500
1526,1526,A0,B0,C9,D1,0,E1,F2,220000
1527,1527,A0,B0,C4,D1,0,E1,F2,148500
1528,1528,A0,B0,C4,D1,100,E1,F2,89200
1529,1529,A0,B0,C4,D1,100,E1,F2,127000
1530,1530,A0,B0,C26,D1,100,E1,F2,200000
1531,1531,A1,B0,C39,D4,50,E4,F1,61566
1532,1532,A0,B0,C11,D1,0,E1,F2,155000
1533,1533,A0,B0,C11,D1,0,E1,F0,205600
1534,1534,A2,B0,C11,D1,0,E1,F 2,135000
1535,1535,A3,B0,C25,D1,0,E1,,269600
1536,1536,A0,B0,C11,D1,100,E1,F2,115000
1537,1537,A0,B0,C11,D1,0,E1,F2,110000
1538,1538,A1,B0,C2,D1,100,E1,F0,110000
1539,1539,A2,B0,C11,D1,0,E1,F2,85000
1540,1540,A1,B0,C11,D1,0,E1,F2,162500
1541,1541,A0,B0,C11,D2,100,E2,F2,94000
1542,1542,A0,B0,C9,D1,0,E1, F2   ,153400
1543,1543,A0,B0,C11,D1,0,E1,,100000
1544,1544,A0,B0,C9,D1,0,E1,F2,247500
1545,1545,A1,B0,C4,D1,0,E1,F2,105000
1546,1546,A1,B0,C11,D1,0,E1,F2,95000
1547,1547,A2,B0,C11,D1,100,E1,F2,61800
1548,1548,A3,B0,C33,D1,0,E1,F2,353200
1549,1549,A0,B0,C7,D1,100,E1,F2,130000
1550,1550,A0,B0,C4,D1,100,E1,F2,112900
1551,1551,A0,B0,C2,D1,100,E1,F2,212750
1552,1552,A0,B0,C4,D1,0,E1,F2,99000
1553,1553,A0,B0,C11,D1,0,E1,F2,178750
1554,1554,A0,B0,C2,D1,0,E1,F2,198440
1555,1555,A0,B0,C11,D1,100,E1,F0,100800
1556,1556,A0,B0,C2,D1,0,E1,F2,185900
1557,1557,A1,B0,C4,D1,0,E1,F2,206000
1558,1558,A0,B0,C9,D1,100,E1,F0,195400
1559,1559,A1,B0,C11,D4,0,E4,F2,61566
1560,1560,A0,B0,C11,D1,100,E1,F2,130000
1561,1561,A0,B0,C11,D1,0,E1,F2,253200
1562,1562,A0,B0,C11,D1,0,E1,F 2,102100
1563,1563,A0,B0,C11,D1,100,E1,,215000
1564,1564,A0,B0,C18,D1,0,E1,F2   ,370000
1565,1565,A0,B0,C11,D1,100,E1,F2,166000
1566,1566,A1,B0,C11,D1,100,E1,F0,200000
1567,1567,A0,B0,C11,D1,100,E1,F2,160000
1568,1568,A0,B0,C4,D1,0,E1,F2,60000
1569,1569,A0,B0,C2,D1,0,E1,F2,129300
1570,1570,A0,B0,C79,D4,100,E4,,200000
1571,1571,A0,B0,C33,D3,0,E3,F0,141846
1572,1572,A0,B0,C11,D0,0,E0,F2,68293
1573,1573,A2,B0,C11,D4,100,E4,F2,49253
1574,1574,A0,B0,C2,D1,100,E1,F0   ,180000
1575,1575,A0,B0,C2,D1,100,E1,F2,272550
1576,1576,A1,B0,C4,D4,0,E4,F2,46178
1577,1577,A2,B0,C6,D1,0,E1,F2,155000
1578,1578,A0,B0,C9,D1,0,E1,F2,142200
1579,1579,A0,B0,C1,D1,100,E1,F2,243000
1580,1580,A0,B0,C3,D1,100,E1,F2,196000
1581,1581,A0,B0,C15,D1,100,E1,F2,135000
1582,1582,A1,B0,C4,D1,100,E1,F2,136000
1583,1583,A0,B0,C4,D1,100,E1,F2,155000
1584,1584,A0,B0,C11,D1,0,E1,F2,275000
1585,1585,A0,B0,C11,D1,0,E1,F2,162000
1586,1586,A1,B0,C4,D1,0,E1, F2   ,61200
1587,1587,A1,B0,C11,D1,0,E1,F2,149600
1588,1588,A0,B0,C2,D26,100,E1,F2,100000
1589,1589,A1,B0,C69,D2,100,E2,F2,76814
1590,1590,A0,B0,C2,D1,100,E1,F2,297300
1591,1591,A1,B0,C34,D1,0,E1,F1,125000
1592,1592,A1,B0,C18,D1,100,E1,F2,151800
1593,1593,A0,B0,C4,D1,50,E1,F0,50000
1594,1594,A2,B0,C36,D56,50,E54,F1,45896
1595,1595,A1,B0,C11,D1,100,E1,F2,95000
1596,1596,A0,B0,C4,D1,0,E1,F2,115934
1597,1597,A0,B0,C46,D1,100,E1,F2,135000
1598,1598,A0,B0,C11,D1,100,E1,F2,187500
1599,1599,A0,B0,C2,D1,100,E1,F2,141525
1600,1600,A0,B0,C2,D0,0,E0,F2,48289
1601,1601,A2,B0,C11,D1,0,E1,F2,160000
1602,1602,A1,B0,C2,D1,0,E1,F2,100000
1603,1603,A2,B0,C2,D1,0,E1,F2,120000
1604,1604,A2,B0,C69,D1,100,E1,F0,180000
1605,1605,A0,B0,C2,D1,100,E1,F2,90000
1606,1606,A0,B0,C7,D1,100,E1,F2,140250
1607,1607,A0,B0,C79,D37,100,E54,F0,88654
1608,1608,A0,B0,C3,D1,100,E1,F2,184000
1609,1609,A0,B0,C4,D0,0,E0,F2,40777
1610,1610,A0,B0,C4,D1,100,E1,F2,179975
1611,1611,A0,B0,C2,D1,0,E1,F2,205000
1612,1612,A0,B0,C4,D1,100,E1,F2,127075
1613,1613,A1,B0,C11,D4,100,E4,F2,80036
1614,1614,A0,B0,C2,D1,0,E1,F2,90700
1615,1615,A1,B0,C4,D1,0,E1,F2,116000
1616,1616,A0,B0,C2,D1,100,E1,F2,107000
1617,1617,A0,B0,C4,D1,100,E1,,81666
1618,1618,A2,B0,C4,D1,100,E1,F2,60000
1619,1619,A1,B0,C18,D1,50,E1,F0,145000
1620,1620,A3,B0,C4,D1,100,E1, F2   ,110000
1621,1621,A0,B0,C11,D1,0,E1,F2,130000
1622,1622,A1,B0,C2,D4,0,E4,F 2,172386
1623,1623,A2,B3,C1,D3,100,E3,F1,15966
1624,1624,A2,B0,C17,D3,0,E3,F2,64385
1625,1625,A0,B0,C2,D1,0,E1,F2,105000
1626,1626,A0,B0,C4,D1,0,E1,,52500
1627,1627,A0,B0,C4,D1,0,E1,F2,65000
1628,1628,A0,B0,C11,D0,0,E0,F2,68293
1629,1629,A0,B0,C2,D1,100,E1,F2,209450
1630,1630,A0,B0,C2,D1,0,E1,F2,140000
1631,1631,A0,B0,C11,D1,0,E1,F2,153600
1632,1632,A0,B0,C3,D1,100,E1,F2,142000
1633,1633,A0,B0,C11,D1,0,E1,F2,78000
1634,1634,A0,B0,C11,D1,100,E1,F2,144000
1635,1635,A0,B0,C5,D1,0,E1,F2   ,147100
1636,1636,A0,B0,C2,D1,0,E1,F2,82365
1637,1637,A0,B0,C11,D1,100,E1,F2,130000
1638,1638,A0,B0,C19,D1,100,E1,F2,150260
1639,1639,A0,B0,C4,D1,0,E1,F2,105500
1640,1640,A3,B0,C11,D1,100,E1,F2,310000
1641,1641,A0,B0,C2,D1,100,E1,F2,130000
1642,1642,A0,B0,C2,D1,100,E1,F2,104650
1643,1643,A0,B0,C7,D1,0,E1,F2,143860
1644,1644,A1,B0,C11,D53,100,E52,F2,28016
1645,1645,A0,B0,C3,D1,100,E1,F2,184000
1646,1646,A0,B0,C9,D1,0,E1,F2,247500
1647,1647,A1,B0,C4,D1,0,E1,F1,58000
1648,1648,A0,B0,C11,D1,100,E1,F0,154600
1649,1649,A0,B0,C11,D1,100,E1,F2,125000
1650,1650,A0,B0,C4,D1,100,E1,F2,170000
1651,1651,A0,B0,C11,D2,100,E2,F2,160000
1652,1652,A1,B2,C34,D41,50,E37,F2,12000
1653,1653,A0,B0,C50,D1,0,E1,F2,122000
1654,1654,A0,B0,C9,D1,100,E1,F2   ,318300
1655,1655,A0,B0,C9,D1,0,E1,F2,204500
1656,1656,A0,B0,C4,D1,0,E1,F2,106800
1657,1657,A0,B0,C11,D1,100,E1,F2,243900
1658,1658,A0,B0,C2,D1,0,E1,F0,198440
1659,1659,A1,B0,C11,D1,0,E1,F2,105000
1660,1660,A3,B0,C11,D1,100,E1,F2,239000
1661,1661,A0,B0,C11,D1,0,E1,F2,95000
1662,1662,A0,B0,C11,D1,100,E1,F2,162000
1663,1663,A0,B0,C4,D1,0,E1,F2,106020
1664,1664,A1,B0,C11,D1,0,E1,F2   ,120000
1665,1665,A0,B0,C11,D1,0,E1,F2,165000
1666,1666,A1,B0,C2,D4,0,E4,F2,72914
1667,1667,A1,B0,C11,D1,100,E1,F 0,200000
1668,1668,A0,B0,C0,D1,0,E1,F0,220000
1669,1669,A0,B0,C2,D1,0,E1,F2,154000
1670,1670,A0,B0,C11,D1,0,E1,F2,230000
1671,1671,A1,B0,C11,D23,100,E21,F2,48289
1672,1672,A0,B0,C10,D2,0,E2,F2,90000
1673,1673,A2,B0,C4,D1,0,E1,F2,48000
1674,1674,A0,B0,C4,D1,0,E1,F2,153600
1675,1675,A1,B0,C11,D1,0,E1,F2,120000
1676,1676,A0,B0,C6,D1,0,E1,F2,149850
1677,1677,A0,B0,C2,D1,100,E1,F2,200000
1678,1678,A1,B0,C85,D37,0,E33,F2,52533
1679,1679,A0,B0,C9,D1,0,E1,F2,139500
1680,1680,A0,B0,C11,D1,0,E1,F2,192000
1681,1681,A0,B0,C11,D1,0,E1,F2,120000
1682,1682,A1,B0,C11,D1,100,E1,F2,150000
1683,1683,A0,B0,C11,D1,100,E1,F2,170000
1684,1684,A2,B0,C20,D0,0,E0,F2,21461
1685,1685,A0,B0,C9,D1,0,E1,F2,190000
1686,1686,A1,B0,C2,D12,100,E11,F2,63040
1687,1687,A0,B0,C11,D1,100,E1,F2,182750
1688,1688,A1,B0,C19,D1,0,E1,F2,155000
1689,1689,A0,B0,C7,D1,100,E1,F 2,200000
1690,1690,A0,B0,C4,D1,100,E1,F2,175000
1691,1691,A1,B0,C45,D1,100,E1,F2,100000
1692,1692,A0,B0,C9,D1,100,E1,F2,246000
1693,1693,A1,B0,C1,D1,100,E1,F0,98200
1694,1694,A0,B0,C2,D1,100,E1,F2,185000
1695,1695,A1,B0,C2,D1,0,E1,F2,145000
1696,1696,A0,B0,C2,D1,0,E1,F2,257000
1697,1697,A0,B0,C2,D12,50,E11,F2,77684
1698,1698,A0,B0,C15,D1,100,E1,F2,115000
1699,1699,A0,B0,C11,D1,0,E1,F2,175308
1700,1700,A0,B0,C1,D1,100,E1,F2,203500
1701,1701,A0,B0,C11,D1,100,E1,F2,194000
1702,1702,A0,B0,C15,D1,0,E1,F2,105200
1703,1703,A0,B0,C4,D1,100,E1,F2,130000
1704,1704,A1,B0,C2,D1,0,E1,F2,120000
1705,1705,A0,B0,C4,D0,0,E0,F2,39925
1706,1706,A0,B0,C7,D1,100,E1,F2,183500
1707,1707,A0,B0,C11,D1,0,E1,F2,106800
1708,1708,A0,B0,C27,D1,0,E1,F2,105200
1709,1709,A0,B0,C2,D1,100,E1,F2,135000
1710,1710,A0,B0,C18,D1,0,E1,F2,146300
1711,1711,A2,B0,C4,D1,50,E1,F0,50000
1712,1712,A1,B0,C31,D6,100,E6,F0,19609
1713,1713,A0,B0,C11,D1,0,E1,F2,300000
1714,1714,A3,B0,C11,D1,100,E1,F2,207000
1715,1715,A1,B0,C18,D4,0,E4,F2,102772
1716,1716,A3,B0,C11,D1,100,E1,F2,239000
1717,1717,A1,B0,C2,D1,0,E1,F2,187500
1718,1718,A3,B0,C2,D1,100,E1,,130000
1719,1719,A2,B0,C11,D1,0,E1,F2,135000
1720,1720,A0,B0,C2,D1,100,E1,F0,165000
1721,1721,A0,B0,C7,D1,100,E1,F2,170000
1722,1722,A1,B0,C4,D1,0,E1,F2,80000
1723,1723,A0,B0,C11,D1,0,E1,F2,226700
1724,1724,A0,B0,C4,D1,0,E1,F2,153600
1725,1725,A0,B0,C9,D1,100,E1,F2,100000
1726,1726,A0,B0,C9,D1,0,E1,F2,193900
1727,1727,A1,B0,C15,D1,0,E1,F2,167500
1728,1728,A1,B0,C11,D1,0,E1,F2,130000
1729,1729,A1,B0,C4,D4,0,E4,F2,43809
1730,1730,A0,B0,C2,D0,0,E0,F2,47280
1731,1731,A0,B0,C4,D1,0,E1,F2,144100
1732,1732,A0,B0,C11,D1,0,E1,F2,115000
1733,1733,A0,B0,C11,D1,100,E1,F2,145000
1734,1734,A0,B0,C34,D1,0,E1,F2,144000
1735,1735,A3,B0,C25,D68,50,E25,F0,230000
1736,1736,A1,B0,C2,D4,0,E4,F2,51039
1737,1737,A2,B0,C20,D37,50,E33,F0,12877
1738,1738,A2,B0,C4,D5,100,E5,F1,10000
1739,1739,A1,B0,C2,D0,100,E0,F0,37825
1740,1740,A1,B0,C4,D41,50,E37,F0,8000
1741,1741,A1,B0,C2,D4,100,E4,F1,76958
1742,1742,A0,B0,C4,D1,100,E1,F2,116000
1743,1743,A0,B0,C15,D1,0,E1,F2,102100
1744,1744,A0,B0,C2,D1,100,E1,F2,168000
1745,1745,A0,B0,C2,D1,100,E1,F2,185000
1746,1746,A1,B0,C11,D1,100,E1,F2,60400
1747,1747,A0,B0,C20,D1,100,E1,F0,100000
1748,1748,A0,B0,C9,D1,0,E1,F2,164996
1749,1749,A0,B0,C2,D1,100,E1,F2,210000
1750,1750,A0,B0,C7,D1,0,E1,F2,230000
1751,1751,A2,B0,C2,D1,0,E1,,124234
1752,1752,A0,B0,C18,D2,0,E2,F2,248100
1753,1753,A0,B0,C1,D1,0,E1,F2,220000
1754,1754,A0,B0,C2,D1,0,E1,F2,170000
1755,1755,A0,B0,C11,D1,0,E1,F2,130000
1756,1756,A0,B0,C2,D1,0,E1,F2,185900
1757,1757,A1,B0,C4,D1,0,E1,F2,124000
1758,1758,A1,B0,C4,D1,0,E1,F2,100000
1759,1759,A0,B0,C4,D1,0,E1, F2   ,200000
1760,1760,A0,B0,C7,D4,100,E4,F2,80041
1761,1761,A0,B0,C30,D1,100,E1,F0,221300
1762,1762,A1,B0,C9,D1,0,E1,F2,193900
1763,1763,A0,B0,C2,D1,0,E1,F2   ,185900
1764,1764,A0,B0,C11,D1,0,E1,,153600
1765,1765,A0,B0,C89,D2,100,E2,F1,75000
1766,1766,A0,B0,C11,D1,0,E1,F2,185900
1767,1767,A0,B0,C65,D1,0,E1,F2,140000
1768,1768,A0,B0,C2,D1,0,E1,F2,88100
1769,1769,A0,B0,C4,D1,100,E1,F2,170500
1770,1770,A0,B0,C4,D1,0,E1,F2,175000
1771,1771,A0,B0,C4,D1,0,E1,F2,100000
1772,1772,A0,B0,C2,D1,0,E1,F2,105200
1773,1773,A0,B0,C11,D1,0,E1,F2,132320
1774,1774,A0,B0,C18,D1,0,E1,F2,150000
1775,1775,A0,B0,C4,D1,0,E1,F2,85500
1776,1776,A0,B0,C11,D1,0,E1,F2,139500
1777,1777,A0,B0,C2,D0,0,E0,F2,47280
1778,1778,A0,B0,C11,D1,0,E1,F2,90700
1779,1779,A1,B2,C38,D6,100,E6,F1,30523
1780,1780,A0,B0,C2,D1,0,E1,F2,250000
1781,1781,A1,B0,C7,D1,0,E1,F2,200000
1782,1782,A0,B0,C4,D1,0,E1,,106800
1783,1783,A2,B3,C36,D26,100,E1,F1,12000
1784,1784,A1,B0,C11,D1,0,E1,F2,116000
1785,1785,A2,B0,C11,D1,0,E1,F2,135000
1786,1786,A2,B0,C69,D27,100,E26,F0,15000
1787,1787,A0,B0,C4,D1,0,E1,F2,125000
1788,1788,A2,B0,C2,D1,0,E1,F2,93000
1789,1789,A1,B0,C36,D0,50,E0,,38631
1790,1790,A0,B0,C9,D1,0,E1,F2,122700
1791,1791,A2,B0,C11,D1,0,E1,F2,125000
1792,1792,A0,B0,C11,D55,100,E53,F2,200000
1793,1793,A0,B0,C9,D1,0,E1,F2,142200
1794,1794,A0,B0,C2,D0,0,E0,F2,37824
1795,1795,A0,B0,C72,D1,100,E1,F0,135000
1796,1796,A1,B0,C11,D4,100,E4,F2,98506
1797,1797,A0,B0,C2,D1,0,E1,F2,140400
1798,1798,A0,B0,C11,D1,0,E1,F0,100000
1799,1799,A0,B0,C2,D1,0,E1,F2,148750
1800,1800,A0,B0,C11,D1,100,E1,F2,128500
1801,1801,A1,B0,C2,D6,100,E1,F1,5679
1802,1802,A0,B0,C4,D1,100,E1,F2,81666
1803,1803,A2,B0,C12,D8,100,E61,F2,10000
1804,1804,A0,B0,C9,D1,100,E1,F2,150000
1805,1805,A0,B0,C77,D49,100,E50,F1,12608
1806,1806,A0,B0,C4,D1,0,E1,F2,79000
1807,1807,A1,B3,C70,D6,50,E6,F2,5409
1808,1808,A0,B0,C11,D4,50,E4,F0,96282
1809,1809,A0,B0,C4,D1,0,E1,F2,139600
1810,1810,A0,B0,C2,D1,100,E1,F2,141525
1811,1811,A3,B0,C7,D1,100,E1,F2,153000
1812,1812,A1,B0,C2,D1,0,E1,F2   ,100000
1813,1813,A0,B0,C7,D1,0,E1,F2,250000
1814,1814,A0,B0,C2,D1,100,E1,F2,183000
1815,1815,A0,B0,C11,D1,100,E1,F2,231250
1816,1816,A0,B0,C2,D1,0,E1,F2,225000
1817,1817,A0,B0,C2,D0,0,E0,F2,38631
1818,1818,A0,B0,C15,D1,0,E1,F2,113000
1819,1819,A1,B0,C2,D9,100,E8,F1,54634
1820,1820,A0,B0,C7,D1,100,E1,F2,112000
1821,1821,A0,B0,C26,D1,0,E1,F2,120000
1822,1822,A0,B0,C2,D4,0,E4,F2,110820
1823,1823,A1,B0,C42,D1,0,E1,F2,183310
1824,1824,A0,B0,C15,D1,0,E1,F2,113000
1825,1825,A0,B0,C11,D1,100,E1,F2,210000
1826,1826,A3,B0,C11,D1,0,E1,F2,106500
1827,1827,A0,B0,C11,D1,0,E1,F2,139500
1828,1828,A0,B0,C4,D0,0,E0,F2,51508
1829,1829,A2,B0,C9,D33,100,E42,F0,12000
1830,1830,A0,B0,C4,D1,100,E19,F0,171000
1831,1831,A0,B0,C2,D1,100,E1,F2,156400
1832,1832,A0,B0,C4,D1,0,E1,F2,166700
1833,1833,A0,B0,C4,D1,100,E1,F2,75000
1834,1834,A1,B0,C2,D1,100,E1,F 2,150000
1835,1835,A0,B0,C11,D1,0,E1,F2,188100
1836,1836,A0,B0,C11,D1,0,E1,F2,145000
1837,1837,A0,B0,C4,D1,100,E1,F2,102100
1838,1838,A1,B0,C4,D1,0,E1,F2,85000
1839,1839,A3,B0,C11,D1,100,E1,F2,239000
1840,1840,A2,B0,C11,D1,0,E1,F2,65000
1841,1841,A1,B0,C26,D1,0,E1,F2,195000
1842,1842,A0,B0,C11,D1,100,E1, F2   ,193750
1843,1843,A0,B0,C2,D1,0,E1,F2,140000
1844,1844,A0,B0,C4,D1,100,E1,F2,100000
1845,1845,A1,B0,C4,D1,0,E1,F2,80000
1846,1846,A0,B0,C2,D1,100,E1,F2,238000
1847,1847,A0,B0,C11,D1,100,E1,F2,63000
1848,1848,A0,B0,C4,D1,100,E1,F2,206500
1849,1849,A0,B0,C11,D1,100,E1,F2,231250
1850,1850,A0,B0,C2,D1,100,E1,F2,170000
1851,1851,A1,B0,C4,D4,0,E4,F2,54685
1852,1852,A0,B0,C4,D1,0,E1,F2,153600
1853,1853,A0,B0,C3,D1,0,E1,F0,222200
1854,1854,A0,B0,C72,D31,100,E4,F2,50000
1855,1855,A1,B0,C20,D2,50,E2,F0,69133
1856,1856,A0,B0,C2,D1,100,E1,F0,160000
1857,1857,A1,B0,C11,D1,0,E1,F2,145000
1858,1858,A2,B0,C1,D8,100,E24,F0,21013
1859,1859,A1,B0,C18,D1,100,E1, F2   ,340000
1860,1860,A0,B0,C11,D1,0,E1,F 2,115000
1861,1861,A2,B0,C4,D1,100,E1,F2,75000
1862,1862,A3,B0,C11,D1,100,E1,F2,210914
1863,1863,A0,B0,C11,D1,0,E1,F2,221000
1864,1864,A0,B0,C11,D1,0,E1,F2,133300
1865,1865,A0,B0,C2,D1,0,E1,F2,160000
1866,1866,A0,B0,C9,D1,0,E1,F2,247500
1867,1867,A1,B0,C4,D1,0,E1,F2,100000
1868,1868,A1,B0,C43,D21,100,E18,F0,75020
1869,1869,A1,B0,C11,D7,50,E4,F1,66022
1870,1870,A0,B0,C4,D1,0,E1,F0,115000
1871,1871,A0,B0,C2,D1,0,E1,F2,134024
1872,1872,A0,B0,C7,D4,100,E4,F2,143200
1873,1873,A1,B0,C2,D4,0,E4,F2,54685
1874,1874,A0,B0,C11,D1,0,E1,,105700
1875,1875,A0,B0,C11,D1,0,E1,F2,185000
1876,1876,A1,B0,C9,D4,0,E4,F2,80036
1877,1877,A0,B0,C11,D1,0,E1,F2,130000
1878,1878,A0,B0,C9,D1,0,E1,F2,142200
1879,1879,A0,B0,C9,D1,0,E1,F2,204500
1880,1880,A1,B0,C50,D4,0,E4,F2,51716
1881,1881,A0,B0,C2,D1,100,E1,F2,120000
1882,1882,A0,B0,C15,D1,100,E1,F2,198000
1883,1883,A1,B0,C27,D1,0,E1,F2,98000
1884,1884,A3,B0,C54,D1,0,E1,F2,314100
1885,1885,A0,B0,C11,D1,100,E1,F2,161000
1886,1886,A0,B0,C2,D1,0,E1,F2,155000
1887,1887,A0,B0,C2,D1,0,E1,F2,126000
1888,1888,A0,B0,C11,D1,0,E1,F2,99000
1889,1889,A3,B0,C11,D1,100,E1,F2,116100
1890,1890,A1,B0,C4,D1,100,E1,,100000
1891,1891,A0,B0,C4,D1,0,E1,F2,81666
1892,1892,A0,B0,C11,D1,100,E1,F2,197430
1893,1893,A0,B0,C34,D64,0,E64,F1   ,260000
1894,1894,A0,B0,C4,D1,100,E1,F2,150075
1895,1895,A0,B0,C11,D1,100,E1,F2,160000
1896,1896,A0,B0,C26,D1,0,E1,F 2,249260
1897,1897,A0,B0,C2,D1,0,E1,F0,160000
1898,1898,A0,B0,C2,D1,100,E1,F2,156400
1899,1899,A0,B0,C11,D1,0,E1,F2,100000
1900,1900,A0,B0,C6,D1,0,E1,F2,250000
1901,1901,A0,B0,C4,D1,100,E1,F2,90000
1902,1902,A0,B0,C75,D1,50,E1,F0,375000
1903,1903,A0,B0,C11,D1,0,E1,F2,147000
1904,1904,A0,B0,C4,D1,0,E1,F2,385000
1905,1905,A0,B0,C19,D1,0,E1,F2,138900
1906,1906,A1,B0,C2,D1,100,E1,F2,180000
1907,1907,A0,B0,C18,D2,50,E2,F0,96113
1908,1908,A1,B0,C4,D1,0,E1,F 2,165000
1909,1909,A0,B0,C2,D1,0,E1,F2,129300
1910,1910,A0,B0,C8,D1,0,E1,F2,156400
1911,1911,A0,B0,C2,D1,100,E1,,144000
1912,1912,A1,B0,C11,D1,0,E1,F2,175000
1913,1913,A0,B0,C18,D1,0,E1,F2,200000
1914,1914,A0,B0,C4,D1,100,E1,F2,165000
1915,1915,A0,B0,C11,D1,100,E1,F2,201450
1916,1916,A0,B0,C4,D1,0,E1,F2,110600
1917,1917,A0,B0,C11,D1,0,E1,F0,229998
1918,1918,A0,B0,C11,D1,0,E1,F2,185900
1919,1919,A0,B0,C11,D1,100,E1,F2,107000
1920,1920,A1,B0,C2,D1,100,E1,F2,144200
1921,1921,A0,B0,C9,D1,0,E1,F2,153090
1922,1922,A1,B0,C2,D1,100,E1,F2,90000
1923,1923,A0,B0,C11,D1,0,E1,F2,120000
1924,1924,A0,B0,C4,D1,100,E1,F2,130000
1925,1925,A0,B0,C11,D1,0,E1,F2,90700
1926,1926,A1,B0,C11,D9,100,E8,F0,45391
1927,1927,A2,B0,C4,D2,0,E2,F2,67000
1928,1928,A0,B0,C45,D1,100,E1,F2,193000
1929,1929,A2,B0,C2,D45,100,E57,F0,84053
1930,1930,A1,B0,C2,D4,0,E4,,92350
1931,1931,A0,B0,C4,D1,100,E1,F2,165000
1932,1932,A0,B0,C11,D1,0,E1,F2,140000
1933,1933,A0,B0,C11,D1,0,E1,,123700
1934,1934,A0,B0,C9,D1,0,E1,F2,130000
1935,1935,A0,B0,C50,D1,0,E1,F2,128000
1936,1936,A0,B0,C2,D1,0,E1,F2,70000
1937,1937,A0,B0,C77,D26,100,E1,F1,160000
1938,1938,A1,B0,C38,D57,100,E1,F0,75000
1939,1939,A0,B0,C11,D1,0,E1,,105200
1940,1940,A0,B0,C9,D1,0,E1,F2,120000
1941,1941,A1,B0,C2,D1,100,E1,F2,100000
1942,1942,A0,B0,C2,D1,100,E1,F2,180000
1943,1943,A0,B0,C4,D1,0,E1,F2,130000
1944,1944,A0,B0,C70,D2,50,E41,F1,10000
1945,1945,A0,B0,C2,D1,0,E1, F2   ,160000
1946,1946,A0,B0,C4,D1,100,E1,F2,150000
1947,1947,A0,B0,C2,D1,100,E1,F2,136000
1948,1948,A1,B0,C11,D4,100,E4,F2,67723
1949,1949,A0,B0,C2,D2,100,E2,F2,175000
1950,1950,A1,B0,C2,D4,0,E4,F2,109371
1951,1951,A1,B0,C9,D1,0,E1,F2,230000
1952,1952,A1,B0,C27,D1,0,E1,F2,135000
1953,1953,A0,B0,C2,D1,100,E1,F2,156000
1954,1954,A0,B0,C1,D1,100,E1,F2,84000
1955,1955,A1,B0,C2,D1,100,E1,F2,150000
1956,1956,A0,B0,C83,D1,100,E1,,200000
1957,1957,A0,B0,C7,D1,0,E1,F2,143860
1958,1958,A0,B0,C9,D1,100,E1,F2,210000
1959,1959,A1,B0,C11,D0,100,E0,F2,84053
1960,1960,A0,B0,C2,D1,0,E1,F2,149076
1961,1961,A1,B0,C4,D1,0,E1,,154000
1962,1962,A1,B0,C2,D40,50,E36,F0,53654
1963,1963,A0,B0,C26,D1,100,E1,F2,179775
1964,1964,A0,B1,C91,D1,100,E1,F2,105000
1965,1965,A0,B0,C26,D1,100,E1,F2,231250
1966,1966,A1,B0,C11,D26,100,E23,F2,42000
1967,1967,A0,B0,C11,D1,0,E1,F2,136000
1968,1968,A3,B0,C11,D1,100,E1,F2,239000
1969,1969,A0,B0,C9,D1,100,E1,F2,201000
1970,1970,A0,B0,C7,D1,0,E1,F2,63000
1971,1971,A0,B0,C3,D1,100,E1,F2,196000
1972,1972,A2,B0,C20,D1,50,E1,F0,48000
1973,1973,A0,B0,C15,D1,100,E1,F2,192564
1974,1974,A0,B0,C18,D1,100,E1,F2,150000
1975,1975,A0,B0,C11,D1,100,E1,F2,130000
1976,1976,A1,B0,C2,D4,50,E4,F2,57872
1977,1977,A2,B0,C11,D1,0,E1,F2,160000
1978,1978,A2,B0,C36,D6,100,E44,F1,18053
1979,1979,A0,B0,C15,D1,0,E1,F2,250000
1980,1980,A0,B0,C11,D1,100,E1,F2,190000
1981,1981,A2,B3,C49,D24,100,E1,F0,12000
1982,1982,A2,B0,C2,D1,0,E1,F2,190000
1983,1983,A1,B0,C2,D1,0,E1,F2,130000
1984,1984,A0,B0,C2,D1,0,E1,F2,252000
1985,1985,A0,B0,C2,D1,100,E1,F2,104000
1986,1986,A0,B0,C11,D1,0,E1,F2,250000
1987,1987,A0,B0,C15,D1,0,E1,F2,180000
1988,1988,A0,B0,C11,D1,0,E1,F2,141300
1989,1989,A0,B0,C49,D1,0,E1,F2,125000
1990,1990,A0,B0,C1,D1,100,E1,,256000
1991,1991,A2,B0,C2,D1,0,E1,F2,74540
1992,1992,A0,B0,C11,D1,100,E1,F2,160000
1993,1993,A0,B0,C11,D1,0,E1,F2,240000
1994,1994,A0,B0,C4,D1,100,E1,F2,93700
1995,1995,A2,B0,C9,D3,50,E3,F2,24823
1996,1996,A0,B0,C30,D1,0,E1,F2,70000
1997,1997,A0,B0,C9,D6,0,E6,F0,66265
1998,1998,A0,B0,C64,D1,0,E1,F2,200000
1999,1999,A1,B0,C2,D1,0,E1,F2,160000
2000,2000,A0,B0,C2,D1,0,E1,F2,245000
2001,2001,A0,B0,C2,D1,0,E1,F2,148800
2002,2002,A0,B0,C11,D1,0,E1,,120000
2003,2003,A0,B0,C15,D1,100,E1,F2,144854
2004,2004,A0,B0,C4,D1,0,E1,F2,150000
2005,2005,A1,B0,C2,D4,50,E4,F0,56256
2006,2006,A2,B0,C17,D35,50,E31,F1,120000
2007,2007,A0,B0,C4,D1,100,E1,F2,127000
2008,2008,A0,B0,C9,D12,50,E11,F0,84053
2009,2009,A1,B0,C11,D1,0,E1,F2,65000
2010,2010,A0,B0,C18,D1,0,E1,F2,210000
2011,2011,A0,B0,C7,D1,0,E1,F2,110000
2012,2012,A0,B0,C52,D1,100,E1,F2,148800
2013,2013,A0,B0,C2,D1,100,E1,F2,205000
2014,2014,A2,B0,C11,D6,100,E6,F0,13493
2015,2015,A0,B0,C57,D2,100,E2,F2,227200
2016,2016,A2,B3,C4,D50,50,E1,F1,125404
2017,2017,A1,B0,C11,D1,100,E1,F0,140000
2018,2018,A1,B0,C12,D12,100,E11,F1,58837
2019,2019,A0,B0,C4,D1,100,E1,F2,108000
2020,2020,A0,B0,C15,D1,100,E1,F2,213120
2021,2021,A0,B0,C2,D1,100,E1,F2,144000
2022,2022,A0,B0,C2,D1,0,E1,F2,160000
2023,2023,A0,B0,C11,D1,100,E1,F 2,202000
2024,2024,A0,B0,C11,D1,0,E1,F2,300000
2025,2025,A2,B0,C4,D1,100,E1,F2,85000
2026,2026,A0,B0,C2,D1,0,E1,F0,104300
2027,2027,A0,B0,C9,D1,0,E1,F2,125000
2028,2028,A0,B0,C10,D2,0,E2,F2,72000
2029,2029,A1,B0,C2,D1,100,E1,F2,115360
2030,2030,A0,B0,C2,D1,100,E1, F2   ,191475
2031,2031,A0,B0,C11,D1,100,E1,F2,160000
2032,2032,A2,B0,C11,D3,50,E3,F2,65013
2033,2033,A0,B0,C11,D1,0,E1,F2,197000
2034,2034,A0,B0,C8,D1,0,E1,F2,185900
2035,2035,A2,B0,C11,D1,0,E1,F2   ,160000
2036,2036,A0,B0,C58,D2,50,E2,F2,99703
2037,2037,A0,B0,C11,D1,0,E1,F2,167500
2038,2038,A0,B0,C13,D1,0,E1,F2,80000
2039,2039,A0,B0,C11,D1,100,E1,F2,225000
2040,2040,A0,B0,C11,D1,0,E1,F 2,126000
2041,2041,A1,B0,C11,D1,100,E1,F2,175000
2042,2042,A1,B0,C2,D9,0,E8,,115573
2043,2043,A1,B0,C4,D1,100,E1,F2,50000
2044,2044,A0,B0,C11,D1,100,E1,F2,100000
2045,2045,A0,B0,C9,D55,100,E53,F2,200000
2046,2046,A0,B0,C7,D1,100,E1,F2,135000
2047,2047,A0,B0,C15,D1,100,E1,F2,113900
2048,2048,A0,B0,C2,D1,100,E1,F 2,140000
2049,2049,A0,B0,C11,D1,0,E1,,160000
2050,2050,A0,B0,C2,D1,0,E1,,162500
2051,2051,A0,B0,C4,D1,100,E1,F2,66100
2052,2052,A0,B0,C3,D1,100,E1,F2,141525
2053,2053,A0,B0,C9,D2,100,E2,F2,115000
2054,2054,A0,B0,C2,D1,100,E1,F2,191475
2055,2055,A2,B0,C9,D1,100,E1,F1,138000
2056,2056,A0,B0,C9,D1,0,E1,F2,204500
2057,2057,A1,B0,C2,D1,100,E1,F2,51962
2058,2058,A2,B0,C80,D6,50,E6,F0,5409
2059,2059,A0,B0,C2,D1,100,E1,F2,104000
2060,2060,A0,B0,C35,D1,100,E1,F2,134000
2061,2061,A0,B0,C7,D1,100,E1,F2,138750
2062,2062,A1,B0,C4,D1,0,E1,F2,206000
2063,2063,A0,B0,C4,D1,0,E1,F2,80000
2064,2064,A0,B0,C15,D1,100,E1,F2,149040
2065,2065,A1,B0,C4,D6,100,E6,F1,5723
2066,2066,A0,B0,C11,D1,0,E1,F2,129000
2067,2067,A0,B0,C9,D1,0,E1,F2,126000
2068,2068,A1,B0,C4,D1,0,E1,F2,100000
2069,2069,A0,B0,C11,D1,0,E1,F2,247300
2070,2070,A0,B0,C11,D1,0,E1,F2,106800
2071,2071,A0,B0,C4,D1,100,E1,F2,120250
2072,2072,A0,B0,C4,D1,0,E1,F2,112900
2073,2073,A0,B0,C2,D2,0,E2,F2,224000
2074,2074,A0,B0,C11,D1,0,E1,F2,252000
2075,2075,A0,B0,C2,D1,100,E1,F2,133200
2076,2076,A0,B0,C4,D1,100,E1,F2,90320
2077,2077,A1,B0,C45,D1,100,E1,F2,100000
2078,2078,A2,B0,C11,D1,0,E1,F 2,65000
2079,2079,A1,B0,C11,D1,0,E1,F2,95000
2080,2080,A0,B0,C11,D1,0,E1,F2,115000
2081,2081,A1,B0,C9,D1,50,E1,F0,135000
2082,2082,A1,B0,C4,D1,0,E1,F2,80000
2083,2083,A0,B0,C11,D1,100,E1,F2,135000
2084,2084,A0,B0,C2,D1,0,E1,F2,185900
2085,2085,A0,B0,C2,D1,0,E1,F2,260000
2086,2086,A0,B0,C4,D2,100,E2,F2,71786
2087,2087,A0,B0,C2,D1,100,E1,,215050
2088,2088,A0,B0,C2,D1,0,E1,F2,145300
2089,2089,A0,B0,C34,D1,100,E2,F0,225000
2090,2090,A0,B0,C19,D9,0,E8,F0,133000
2091,2091,A0,B0,C11,D1,0,E1,F0,105700
2092,2092,A0,B0,C11,D1,100,E1,F2,237000
2093,2093,A2,B3,C4,D0,100,E1,F0   ,25216
2094,2094,A0,B0,C9,D1,0,E1,F2,142200
2095,2095,A1,B0,C4,D4,0,E4,F2,55410
2096,2096,A0,B0,C18,D2,0,E2,F2,145900
2097,2097,A0,B0,C4,D1,100,E1,,80000
2098,2098,A0,B0,C9,D1,0,E1,F0,342300
2099,2099,A0,B0,C2,D1,100,E1,F2,175000
2100,2100,A0,B0,C11,D1,0,E1,F2,145000
2101,2101,A0,B0,C11,D1,100,E1,F2,145000
2102,2102,A0,B0,C11,D1,0,E1,F0,154545
2103,2103,A0,B0,C11,D1,0,E1,F 2,63000
2104,2104,A0,B0,C18,D1,0,E1,F2,215000
2105,2105,A0,B0,C11,D1,0,E1,F2,87980
2106,2106,A0,B0,C11,D1,100,E1,F2,210000
2107,2107,A0,B0,C2,D1,100,E1,F2,38000
2108,2108,A1,B0,C9,D1,0,E1,,130000
2109,2109,A0,B0,C9,D1,0,E1,F2,109400
2110,2110,A0,B0,C2,D1,0,E1,F2,129300
2111,2111,A0,B0,C2,D1,0,E1,F2,95550
2112,2112,A0,B0,C11,D1,0,E1,F2,203100
2113,2113,A1,B0,C11,D1,100,E1,F2,100000
2114,2114,A0,B0,C9,D1,0,E1,,135000
2115,2115,A0,B0,C4,D1,100,E1,F2,87000
2116,2116,A0,B0,C15,D1,100,E1,F2,114000
2117,2117,A1,B0,C53,D13,50,E19,F0,45050
2118,2118,A0,B0,C11,D1,0,E1,F2,132300
2119,2119,A0,B0,C15,D1,0,E1,F2,159500
2120,2120,A0,B0,C2,D1,0,E1,F2,129300
2121,2121,A0,B0,C11,D1,100,E1,F2,25000
2122,2122,A0,B0,C2,D1,100,E1,F2,173000
2123,2123,A0,B0,C11,D1,100,E1,F2,160080
2124,2124,A0,B0,C11,D1,100,E1,F2,160000
2125,2125,A0,B0,C4,D1,0,E1,F2,185900
2126,2126,A1,B0,C4,D1,0,E1,F2,150000
2127,2127,A0,B0,C7,D1,100,E1,F2,110000
2128,2128,A0,B0,C4,D1,0,E1,F2,105500
2129,2129,A0,B0,C11,D1,100,E1,F2,260000
2130,2130,A0,B0,C2,D1,0,E1,F2,175000
2131,2131,A0,B0,C50,D27,50,E26,F2,29453
2132,2132,A1,B0,C11,D1,0,E1,F 2,200000
2133,2133,A2,B0,C11,D6,50,E6,F2,21637
2134,2134,A2,B0,C2,D64,100,E62,F0   ,40000
2135,2135,A0,B0,C15,D1,100,E1,F2,168100
2136,2136,A0,B0,C11,D1,0,E1,F 2,241000
2137,2137,A0,B0,C6,D1,0,E1,F2,203000
2138,2138,A0,B0,C2,D0,0,E0,,47280
2139,2139,A0,B0,C50,D1,0,E1,F2,122000
2140,2140,A0,B0,C11,D1,100,E1,F2,161800
2141,2141,A0,B0,C2,D1,100,E1,F2,170000
2142,2142,A0,B0,C3,D1,100,E1,F2,205000
2143,2143,A0,B0,C2,D1,0,E1,F2,186000
2144,2144,A1,B0,C53,D1,100,E1,F2,100000
2145,2145,A1,B0,C11,D1,0,E1,F2,75000
2146,2146,A0,B0,C11,D1,0,E1,F2,115000
2147,2147,A0,B0,C2,D1,0,E1,F2,195000
2148,2148,A0,B0,C9,D9,100,E8,F0,59888
2149,2149,A0,B0,C11,D1,100,E1,F2,146000
2150,2150,A1,B0,C45,D1,100,E1,F2,60000
2151,2151,A0,B0,C2,D0,0,E0,F2,37824
2152,2152,A0,B0,C4,D1,0,E1,F2,180180
2153,2153,A0,B0,C2,D1,100,E1,F2,203000
2154,2154,A0,B0,C53,D3,100,E3,F2,71897
2155,2155,A0,B0,C11,D1,0,E1,F2,175000
2156,2156,A0,B0,C18,D1,100,E1,F2,196000
2157,2157,A0,B0,C11,D1,0,E1,F2,175000
2158,2158,A0,B0,C4,D1,100,E1,F2,81666
2159,2159,A0,B0,C4,D1,100,E1,F2,117000
2160,2160,A0,B0,C4,D1,0,E1,F2,169000
2161,2161,A3,B0,C7,D1,100,E1,F2,157000
2162,2162,A2,B0,C2,D45,50,E57,F1,52008
2163,2163,A0,B0,C11,D1,0,E1,F2,181940
2164,2164,A0,B0,C7,D1,0,E1,F2,116450
2165,2165,A0,B0,C3,D1,0,E1,F0,260000
2166,2166,A0,B0,C2,D1,0,E1,F2,90000
2167,2167,A1,B0,C11,D4,100,E4,F2,80036
2168,2168,A0,B0,C9,D1,0,E1,,142200
2169,2169,A0,B0,C11,D2,100,E2,F2,137400
2170,2170,A0,B0,C0,D3,100,E3,F2,155499
2171,2171,A0,B0,C13,D1,0,E1,F2,80000
2172,2172,A0,B0,C4,D1,100,E1,F2,125600
2173,2173,A1,B0,C11,D0,100,E1,F2,130800
2174,2174,A1,B0,C27,D1,0,E1,F2,134000
2175,2175,A0,B0,C9,D4,100,E4,,55410
2176,2176,A0,B0,C15,D1,100,E1,F2,115000
2177,2177,A0,B0,C2,D1,0,E1,F2,172000
2178,2178,A0,B0,C11,D1,0,E1,F2,291500
2179,2179,A0,B0,C4,D1,100,E1,F2,150000
2180,2180,A0,B0,C2,D1,100,E1,F0   ,92000
2181,2181,A1,B0,C4,D1,0,E1,F2,109000
2182,2182,A1,B0,C2,D3,0,E3,F2,60938
2183,2183,A0,B0,C4,D2,100,E2,F2,61300
2184,2184,A2,B0,C9,D1,50,E1,F0,115000
2185,2185,A0,B0,C11,D1,0,E1,F2,130000
2186,2186,A0,B0,C2,D1,100,E1,F2,262000
2187,2187,A1,B0,C4,D4,0,E4,F2,85066
2188,2188,A0,B0,C11,D1,100,E1,F2,133800
2189,2189,A2,B0,C4,D1,0,E1,F2,75000
2190,2190,A0,B0,C85,D1,100,E1,F2,146200
2191,2191,A0,B0,C11,D1,0,E1,F2,252000
2192,2192,A0,B0,C7,D1,100,E1,F2,125000
2193,2193,A0,B0,C11,D1,0,E1,F2,226700
2194,2194,A0,B0,C9,D1,0,E1,F2   ,170000
2195,2195,A1,B0,C11,D4,0,E4,F2,49253
2196,2196,A1,B0,C53,D12,50,E11,F2,105066
2197,2197,A0,B0,C9,D1,100,E1,F2,120000
2198,2198,A2,B0,C2,D1,100,E1,F2,168000
2199,2199,A0,B0,C4,D1,0,E1,F2,150000
2200,2200,A1,B0,C11,D1,100,E1,F2,100000
2201,2201,A0,B0,C15,D1,100,E1,F2,160000
2202,2202,A1,B0,C7,D26,100,E23,F2,48000
2203,2203,A0,B0,C7,D1,100,E1,F2,231250
2204,2204,A0,B0,C11,D1,0,E1,F2,170000
2205,2205,A0,B0,C11,D1,100,E1, F2   ,80000
2206,2206,A0,B0,C9,D1,0,E1,F2,204500
2207,2207,A0,B0,C4,D1,0,E1,F2,120000
2208,2208,A1,B0,C34,D1,0,E1,F2,230000
2209,2209,A0,B0,C2,D1,100,E1,F2,170000
2210,2210,A0,B0,C11,D1,0,E1,F2,155000
2211,2211,A0,B0,C11,D1,100,E1,F2,132000
2212,2212,A0,B0,C11,D1,0,E1,F2,179000
2213,2213,A3,B0,C34,D1,100,E1,F1,180000
2214,2214,A0,B0,C15,D1,100,E1,F2,170000
2215,2215,A0,B0,C4,D1,0,E1,F2,95000
2216,2216,A0,B0,C74,D42,0,E38,,68293
2217,2217,A1,B0,C2,D4,0,E4,F2,66837
2218,2218,A0,B0,C26,D1,0,E1,F2,175000
2219,2219,A0,B0,C11,D1,0,E1,F0,123700
2220,2220,A1,B0,C21,D36,100,E32,F1,80000
2221,2221,A1,B0,C11,D1,0,E1,F2,70000
2222,2222,A0,B0,C11,D1,0,E1,F2,247500
2223,2223,A0,B0,C11,D1,0,E1,F 2,206699
2224,2224,A0,B0,C11,D1,0,E1,F2,95000
2225,2225,A0,B0,C13,D1,0,E1,F2,64980
2226,2226,A0,B0,C2,D1,100,E1,F2,141525
2227,2227,A0,B0,C11,D1,0,E1,F2,191200
2228,2228,A0,B0,C2,D1,0,E1, F2   ,120000
2229,2229,A0,B0,C2,D0,0,E0,F2,37824
2230,2230,A0,B0,C12,D26,100,E23,F2,24000
2231,2231,A0,B0,C11,D1,100,E1,F2,153600
2232,2232,A1,B0,C2,D6,100,E6,F0,17022
2233,2233,A0,B0,C11,D1,100,E1,F2,114000
2234,2234,A0,B0,C11,D1,100,E1,F2,160000
2235,2235,A1,B0,C11,D0,100,E0,F2,84053
2236,2236,A1,B0,C4,D1,100,E1,F2,75000
2237,2237,A1,B0,C2,D3,50,E49,F2,61467
2238,2238,A1,B0,C45,D1,100,E1,F2,60000
2239,2239,A0,B0,C2,D2,100,E2,F2,120000
2240,2240,A0,B0,C2,D1,0,E1,F2,122700
2241,2241,A0,B0,C26,D1,100,E1,F0,144000
2242,2242,A0,B0,C11,D1,100,E1,F2,219535
2243,2243,A0,B0,C15,D1,100,E1,F2,144854
2244,2244,A1,B0,C4,D1,0,E1,F2,90000
2245,2245,A0,B0,C50,D1,0,E1,F2,94000
2246,2246,A0,B0,C19,D1,100,E1,F2,120000
2247,2247,A0,B0,C4,D1,0,E1,F2,95000
2248,2248,A2,B0,C4,D1,100,E1,F1,90000
2249,2249,A2,B0,C14,D5,100,E5,F0,30000
2250,2250,A2,B0,C11,D1,0,E1,F2,135000
2251,2251,A0,B0,C4,D1,100,E1,F2,115934
2252,2252,A1,B0,C4,D1,0,E1,F2,52500
2253,2253,A0,B0,C11,D1,0,E1,F2,109400
2254,2254,A0,B0,C2,D1,100,E1,F2,141525
2255,2255,A0,B0,C11,D1,0,E1,F2,160000
2256,2256,A0,B0,C15,D1,100,E1,F2,113900
2257,2257,A0,B0,C2,D1,100,E1,F2,140000
2258,2258,A1,B0,C11,D1,100,E1,F2,187000
2259,2259,A0,B0,C2,D1,0,E1,F2,129300
2260,2260,A1,B0,C4,D1,0,E1,F0,62000
2261,2261,A1,B0,C59,D6,100,E6, F0   ,6072
2262,2262,A1,B0,C18,D6,100,E6,F0,23000
2263,2263,A1,B0,C2,D1,100,E1,FO,160000
2264,2264,A0,B0,C11,D1,0,E1,F2,128000
2265,2265,A0,B0,C11,D1,100,E1,F2,182500
2266,2266,A0,B0,C1,D1,0,E1,F2,289076
2267,2267,A2,B0,C53,D1,100,E1,F0,57000
2268,2268,A1,B0,C11,D42,0,E1,F0,20000
2269,2269,A0,B0,C52,D12,100,E11,F2,107309
2270,2270,A0,B0,C11,D1,0,E1,F2,124500
2271,2271,A0,B0,C11,D1,100,E1,F2,130000
2272,2272,A0,B0,C2,D1,100,E1,F2,185000
2273,2273,A1,B0,C85,D37,0,E33,F2   ,52533
2274,2274,A1,B0,C11,D1,0,E1,F2,130000
2275,2275,A2,B0,C21,D19,50,E49,F2,50000
2276,2276,A0,B0,C2,D1,0,E1,F2,185900
2277,2277,A0,B0,C11,D1,100,E1,F2,166000
2278,2278,A1,B0,C11,D1,0,E1,F2   ,146000
2279,2279,A0,B0,C4,D1,100,E1,F2,140000
2280,2280,A1,B0,C2,D1,0,E1,F 2,120000
2281,2281,A0,B0,C2,D1,0,E1,F2,140000
2282,2282,A0,B0,C11,D1,0,E1,F2,75000
2283,2283,A2,B0,C2,D26,100,E23,F0,19522
2284,2284,A1,B0,C28,D2,50,E2,F0,105236
2285,2285,A0,B0,C11,D1,0,E1,F2,102000
2286,2286,A0,B0,C11,D1,0,E1,F2,300000
2287,2287,A0,B0,C85,D1,0,E1,F2,63000
2288,2288,A1,B0,C4,D1,0,E1,F2,80000
2289,2289,A0,B0,C3,D1,100,E1,F2,191475
2290,2290,A1,B0,C1,D1,100,E1,F0,148500
2291,2291,A0,B0,C2,D1,100,E1,F2,138600
2292,2292,A0,B0,C11,D1,100,E1,F2,178500
2293,2293,A0,B0,C2,D1,0,E1,F2,146000
2294,2294,A0,B0,C11,D0,0,E0,F2,73546
2295,2295,A2,B0,C2,D1,100,E1,,105000
2296,2296,A0,B0,C3,D1,100,E1,F2,205000
2297,2297,A0,B0,C4,D2,100,E2,F2,130000
2298,2298,A1,B0,C2,D1,100,E1,F1,82500
2299,2299,A3,B0,C33,D2,50,E2,F0,192037
2300,2300,A0,B0,C3,D1,100,E1,F2,230000
2301,2301,A0,B0,C4,D1,100,E1,F2,100000
2302,2302,A0,B0,C7,D1,100,E1,F2,170000
2303,2303,A0,B0,C2,D1,0,E1,F2,203500
2304,2304,A0,B0,C11,D1,0,E1,F2,252000
2305,2305,A0,B0,C2,D1,0,E1,F2,140000
2306,2306,A0,B0,C4,D1,0,E1, F2   ,106800
2307,2307,A0,B0,C18,D1,0,E1,,150000
2308,2308,A0,B0,C11,D1,0,E1,F2,115000
2309,2309,A1,B0,C11,D4,0,E4,F2,98506
2310,2310,A0,B0,C1,D1,0,E1,F2,200000
2311,2311,A0,B0,C2,D1,100,E1,F2,237000
2312,2312,A0,B0,C27,D4,0,E4,,72946
2313,2313,A0,B0,C4,D1,100,E1,F2,115934
2314,2314,A0,B0,C9,D1,100,E1,F2,288000
2315,2315,A0,B0,C7,D1,100,E1,F2,110000
2316,2316,A1,B0,C9,D4,0,E4,F2,97218
2317,2317,A0,B0,C4,D1,0,E1,F2,169000
2318,2318,A1,B0,C11,D1,0,E1,F2,260000
2319,2319,A0,B0,C2,D1,100,E1,F2,183500
2320,2320,A1,B0,C11,D4,0,E4,F2,135446
2321,2321,A0,B0,C11,D1,0,E1,F2,94000
2322,2322,A0,B0,C36,D1,100,E1,F 2,50000
2323,2323,A0,B0,C15,D1,100,E1,F2,110000
2324,2324,A0,B0,C7,D1,100,E1,F2,165000
2325,2325,A1,B0,C11,D37,100,E33,F2,84053
2326,2326,A0,B0,C2,D1,0,E1,F2,123400
2327,2327,A0,B0,C11,D1,100,E1,,138750
2328,2328,A0,B0,C11,D1,0,E1,F2,119000
2329,2329,A0,B0,C11,D1,0,E1,,145000
2330,2330,A0,B0,C2,D1,0,E1,,140000
2331,2331,A1,B0,C45,D1,100,E1,F2,60000
2332,2332,A0,B0,C27,D1,0,E1,F2,140000
2333,2333,A0,B0,C4,D1,100,E1,F2,190000
2334,2334,A0,B0,C11,D1,0,E1,F2,124740
2335,2335,A0,B0,C11,D1,0,E1,F2,105200
2336,2336,A2,B0,C17,D3,100,E3,F0,214618
2337,2337,A0,B0,C50,D3,100,E3,F1,76833
2338,2338,A0,B0,C9,D1,0,E1,F2,204500
2339,2339,A0,B0,C15,D1,100,E1,F2   ,188500
2340,2340,A1,B0,C11,D1,0,E1,F2,120000
2341,2341,A0,B0,C2,D1,100,E1,F2,140000
2342,2342,A1,B0,C11,D1,100,E1,,120000
2343,2343,A0,B0,C2,D1,0,E1,F2   ,70000
2344,2344,A0,B0,C11,D1,0,E1,F2,124740
2345,2345,A0,B0,C9,D45,50,E57,F2,82744
2346,2346,A0,B0,C26,D1,0,E1,F2,191765
2347,2347,A0,B0,C9,D1,0,E1,F2,204500
2348,2348,A0,B0,C4,D1,100,E1,F2,99450
2349,2349,A0,B0,C4,D1,100,E1,F2,90320
2350,2350,A0,B0,C11,D1,0,E1,F2,129300
2351,2351,A0,B0,C18,D1,0,E1,F2,180000
2352,2352,A0,B0,C11,D1,100,E1,F2,115000
2353,2353,A0,B0,C11,D1,100,E1,F2,175000
2354,2354,A0,B0,C2,D1,0,E1,F2,185900
2355,2355,A0,B0,C7,D1,0,E1,F2,140000
2356,2356,A0,B0,C11,D1,100,E1,F2,170000
2357,2357,A1,B0,C11,D1,0,E1,F2,63900
2358,2358,A0,B0,C2,D39,0,E35,,38631
2359,2359,A0,B0,C9,D1,0,E1,F2,147000
2360,2360,A0,B0,C4,D1,100,E1,F2,144000
2361,2361,A3,B0,C33,D1,0,E1,F0,250000
2362,2362,A1,B0,C4,D4,0,E4, F2   ,78990
2363,2363,A0,B0,C40,D1,100,E1,F2,140000
2364,2364,A0,B0,C2,D1,100,E1,F2,50000
2365,2365,A0,B0,C11,D1,0,E1,F2,109400
2366,2366,A0,B0,C2,D1,0,E1,F2,245000
2367,2367,A1,B0,C4,D4,0,E4,F2,72914
2368,2368,A0,B0,C2,D1,0,E1,F2,195000
2369,2369,A0,B0,C15,D1,100,E1,F2,190000
2370,2370,A2,B0,C38,D3,50,E3,F2,42923
2371,2371,A1,B0,C11,D1,0,E1,F2,120000
2372,2372,A1,B0,C2,D1,100,E1,F 2,85000
2373,2373,A0,B0,C9,D1,0,E1,F2,163800
2374,2374,A1,B0,C2,D1,0,E1,F2,110000
2375,2375,A1,B0,C42,D1,100,E1,F2,160000
2376,2376,A0,B0,C2,D1,0,E1,,183000
2377,2377,A1,B0,C11,D1,0,E1,F2,105000
2378,2378,A2,B0,C2,D1,100,E1,F0,80000
2379,2379,A0,B0,C4,D1,100,E1,F2,90320
2380,2380,A1,B0,C11,D1,100,E1,F2,150000
2381,2381,A0,B0,C4,D1,0,E1,F2,166700
2382,2382,A0,B0,C2,D1,100,E1,,191475
2383,2383,A0,B0,C4,D1,100,E1,F2,161500
2384,2384,A1,B0,C11,D24,100,E22,F2,60000
2385,2385,A0,B0,C11,D1,100,E1,F2,140000
2386,2386,A1,B0,C4,D1,0,E1,F2,112000
2387,2387,A0,B0,C11,D1,0,E1,F 0,205600
2388,2388,A1,B0,C25,D65,100,E29,F1,31520
2389,2389,A0,B0,C11,D1,100,E1,F2,220000
2390,2390,A0,B0,C11,D1,100,E1,F2,150000
2391,2391,A0,B0,C4,D1,0,E1,F2,106020
2392,2392,A1,B0,C11,D1,0,E1,,90000
2393,2393,A2,B0,C4,D1,100,E1,F0,91000
2394,2394,A2,B0,C50,D6,50,E6,F2,5707
2395,2395,A0,B0,C9,D24,100,E22,F2,255000
2396,2396,A0,B0,C46,D1,0,E1,F2,106000
2397,2397,A0,B0,C2,D1,100,E1,F0,165000
2398,2398,A0,B0,C2,D1,100,E1,F2,230000
2399,2399,A0,B0,C4,D1,0,E1,F2,94000
2400,2400,A0,B0,C2,D1,100,E1,F2,235000
2401,2401,A0,B0,C11,D1,0,E1,F2,129000
2402,2402,A1,B0,C26,D1,100,E1,F2   ,159000
2403,2403,A1,B0,C9,D4,0,E4,F2,109006
2404,2404,A0,B0,C11,D1,100,E1,F2,185000
2405,2405,A0,B0,C2,D1,100,E1,F2,132000
2406,2406,A0,B0,C2,D1,100,E1,F2,165000
2407,2407,A0,B0,C26,D1,0,E1,F2,299500
2408,2408,A0,B0,C11,D1,100,E1,F2,205000
2409,2409,A2,B0,C11,D1,0,E1,F2,135000
2410,2410,A0,B0,C11,D1,100,E1,F2,137500
2411,2411,A0,B0,C2,D10,50,E9,F0,121093
2412,2412,A0,B0,C4,D1,100,E1, F2   ,110925
2413,2413,A1,B0,C4,D1,100,E1,F0,135000
2414,2414,A0,B0,C26,D1,0,E1, F2   ,245100
2415,2415,A0,B0,C2,D1,100,E1,F2,191475
2416,2416,A2,B0,C4,D2,0,E2,F2,52000
2417,2417,A0,B0,C2,D1,100,E1,F2,275300
2418,2418,A0,B0,C11,D1,100,E1,F2,180000
2419,2419,A0,B0,C12,D1,0,E1,F2,342810
2420,2420,A0,B0,C9,D1,0,E1,F2,202353
2421,2421,A0,B0,C11,D1,0,E1,F2,130000
2422,2422,A0,B0,C2,D1,0,E1,F2,245000
2423,2423,A1,B0,C18,D1,100,E1,F2,185000
2424,2424,A0,B0,C25,D23,100,E21,F0,102839
2425,2425,A1,B0,C11,D1,100,E1,F2,120000
2426,2426,A0,B0,C11,D24,0,E22,F1,33511
2427,2427,A0,B0,C4,D1,100,E1,F2,145000
2428,2428,A0,B0,C11,D1,0,E1,F2,130000
2429,2429,A0,B0,C2,D1,0,E1,F2,120000
2430,2430,A1,B0,C56,D4,100,E4,F2,86193
2431,2431,A0,B0,C18,D1,0,E1, F2   ,200000
2432,2432,A0,B0,C11,D1,100,E1,F2,63000
2433,2433,A1,B0,C11,D1,0,E1,F2,175000
2434,2434,A0,B0,C2,D1,0,E1,F2,129300
2435,2435,A0,B0,C2,D1,0,E1,F2,150000
2436,2436,A1,B0,C4,D6,50,E6,F0,16904
2437,2437,A1,B0,C2,D1,0,E1,F2,180000
2438,2438,A0,B0,C18,D1,0,E1,F2,250000
2439,2439,A0,B0,C2,D0,0,E0,F2,47280
2440,2440,A0,B0,C9,D1,0,E1,F2,150000
2441,2441,A1,B0,C11,D1,100,E1,F2,161000
2442,2442,A0,B0,C29,D29,100,E4,F1,114047
2443,2443,A2,B0,C11,D1,0,E1,F2,65000
2444,2444,A0,B0,C9,D1,100,E1,F 2,210000
2445,2445,A0,B0,C11,D1,100,E1,F2   ,160000
2446,2446,A0,B0,C39,D6,0,E6,F0,56723
2447,2447,A0,B0,C4,D1,0,E1,F2,138900
2448,2448,A0,B0,C1,D1,0,E1,F2,160000
2449,2449,A1,B0,C11,D0,100,E0,F2,73546
2450,2450,A0,B0,C4,D1,100,E1,F2,160000
2451,2451,A0,B0,C26,D1,100,E1,F2,190200
2452,2452,A3,B0,C2,D1,100,E1,F2,159000
2453,2453,A0,B0,C7,D33,100,E1,F1,48000
2454,2454,A0,B0,C9,D1,100,E1,F2,240000
2455,2455,A0,B0,C11,D1,100,E1,F2,175000
2456,2456,A0,B0,C4,D1,100,E1,F2,95000
2457,2457,A1,B1,C67,D6,100,E1,F1,60000
2458,2458,A0,B0,C34,D1,100,E1,F 2,165750
2459,2459,A0,B0,C4,D1,0,E1,F2,169000
2460,2460,A0,B0,C11,D1,100,E1,F2,163625
2461,2461,A1,B0,C11,D1,0,E1,F2,70000
2462,2462,A0,B0,C2,D1,0,E1,F2,162000
2463,2463,A0,B0,C20,D6,100,E6,F2,17805
2464,2464,A0,B0,C9,D1,0,E1,F2,167100
2465,2465,A1,B0,C50,D4,0,E4,F2   ,70186
2466,2466,A1,B0,C4,D1,0,E1,F2,100000
2467,2467,A0,B0,C2,D1,0,E1,F2,155000
2468,2468,A1,B0,C11,D4,0,E4,F2,127599
2469,2469,A0,B0,C2,D1,0,E1,F2,120000
2470,2470,A0,B0,C11,D1,100,E1,F2,216000
2471,2471,A1,B0,C2,D1,0,E1,F2,150000
2472,2472,A0,B0,C11,D1,100,E1,F2,65000
2473,2473,A1,B0,C11,D26,100,E23,F2,78000
2474,2474,A0,B0,C2,D1,0,E1,F2,70000
2475,2475,A0,B0,C2,D16,0,E14,F2,171250
2476,2476,A2,B0,C4,D1,100,E1,F2,75000
2477,2477,A0,B0,C90,D1,100,E1,F2   ,200000
2478,2478,A0,B0,C52,D1,100,E1,F2,186000
2479,2479,A0,B0,C26,D1,100,E1,F2,300000
2480,2480,A0,B0,C2,D1,100,E1,F2,51000
2481,2481,A0,B0,C4,D1,100,E1,F2,115934
2482,2482,A1,B0,C20,D1,0,E1,F2,95000
2483,2483,A0,B0,C2,D1,100,E1,F2,198200
2484,2484,A1,B0,C2,D12,50,E61,F1,62726
2485,2485,A1,B1,C1,D1,100,E1,F0,270000
2486,2486,A1,B0,C21,D6,100,E6,F0,20670
2487,2487,A0,B0,C11,D2,0,E2,F2,132000
2488,2488,A0,B0,C4,D1,100,E1,F2,115934
2489,2489,A1,B0,C4,D4,0,E4,F2,54685
2490,2490,A0,B0,C1,D1,100,E1,F2   ,185000
2491,2491,A1,B0,C11,D4,100,E4,F2,63192
2492,2492,A0,B0,C4,D1,0,E1,F2,70000
2493,2493,A2,B0,C34,D1,100,E1,F0,225000
2494,2494,A1,B0,C17,D14,0,E12,F2,75020
2495,2495,A0,B0,C2,D1,0,E1,F0,119300
2496,2496,A1,B0,C87,D8,100,E1,F2,56000
2497,2497,A1,B0,C2,D26,100,E23,F2,84000
2498,2498,A1,B0,C4,D4,100,E4,F2,78990
2499,2499,A0,B0,C11,D1,0,E1,F2,133800
2500,2500,A1,B0,C11,D1,0,E1,F2,175000
2501,2501,A0,B0,C11,D1,0,E1,F2,252000
2502,2502,A1,B0,C9,D1,100,E1,F0,110000
2503,2503,A1,B0,C31,D1,0,E1,F0,68000
2504,2504,A1,B0,C15,D1,0,E1,F2,106500
2505,2505,A0,B0,C2,D1,100,E1,F2,141525
2506,2506,A0,B0,C30,D1,100,E1,F0,165000
2507,2507,A0,B0,C78,D1,100,E1,F2,81000
2508,2508,A0,B0,C4,D3,50,E3,F0,63831
2509,2509,A0,B0,C2,D1,0,E1,F2,204100
2510,2510,A0,B0,C2,D1,100,E1,F2,155000
2511,2511,A0,B0,C2,D1,100,E1,F2,210000
2512,2512,A0,B0,C15,D1,0,E1,F2   ,250000
2513,2513,A0,B0,C2,D1,100,E1,F2,120160
2514,2514,A0,B0,C4,D1,100,E1,F2,106260
2515,2515,A2,B0,C4,D1,0,E1,F2,150000
2516,2516,A0,B0,C11,D1,0,E1,F2,105000
2517,2517,A0,B0,C2,D1,0,E1,F2,120000
2518,2518,A0,B0,C2,D1,100,E1,F2,170000
2519,2519,A1,B0,C77,D21,50,E18,F0,89294
2520,2520,A0,B0,C2,D1,100,E1,F1,55000
2521,2521,A0,B0,C11,D1,0,E1,F2,153600
2522,2522,A0,B0,C11,D1,0,E1,F2,135000
2523,2523,A0,B0,C39,D1,100,E1,F0,156868
2524,2524,A1,B0,C4,D4,0,E4,F2,43096
2525,2525,A0,B0,C11,D1,0,E1,F2,134000
2526,2526,A0,B0,C15,D1,100,E1,F2,210000
2527,2527,A0,B0,C9,D1,0,E1,F2,130000
2528,2528,A1,B0,C66,D4,0,E4,F0,72914
2529,2529,A0,B0,C11,D1,0,E1,F2,265000
2530,2530,A0,B0,C2,D6,100,E6,F0,54094
2531,2531,A0,B0,C2,D0,0,E0,F2,47280
2532,2532,A0,B0,C2,D1,0,E1,F2,90700
2533,2533,A0,B0,C9,D2,100,E2,F2,116100
2534,2534,A3,B0,C7,D1,100,E1,F2,221000
2535,2535,A0,B0,C12,D1,0,E1,F2,210000
2536,2536,A0,B0,C2,D1,100,E1,F2,172500
2537,2537,A0,B0,C2,D1,100,E1,F2,141525
2538,2538,A0,B0,C2,D15,100,E13,F 0,13400
2539,2539,A0,B0,C11,D1,0,E1,F2,163800
2540,2540,A3,B0,C11,D1,0,E1,F 2,235000
2541,2541,A0,B0,C18,D1,0,E1,F2,165750
2542,2542,A0,B0,C11,D1,100,E1,F2,135000
2543,2543,A2,B0,C2,D6,50,E6,F2,22892
2544,2544,A1,B0,C11,D1,100,E1,F2,140000
2545,2545,A0,B0,C11,D1,0,E1,F0,154600
2546,2546,A1,B0,C59,D6,100,E6,F0,16414
2547,2547,A0,B0,C2,D1,0,E1,F2,135000
2548,2548,A0,B0,C11,D1,0,E1,F2,129300
2549,2549,A0,B0,C15,D1,100,E1,F2,113900
2550,2550,A0,B0,C50,D1,0,E1,,94500
2551,2551,A0,B0,C3,D1,0,E1,F0   ,222200
2552,2552,A0,B0,C11,D1,100,E1,F2,153600
2553,2553,A2,B0,C11,D1,0,E1,F2,65000
2554,2554,A0,B0,C11,D1,100,E1, F2   ,259000
2555,2555,A0,B0,C4,D1,100,E1,F2,175950
2556,2556,A0,B0,C9,D2,100,E2,F2,158000
2557,2557,A0,B0,C6,D1,0,E1,F2,150000
2558,2558,A0,B0,C15,D1,100,E1,F2,200000
2559,2559,A0,B0,C11,D1,0,E1,F2,145000
2560,2560,A0,B0,C11,D1,100,E1,F2,75000
2561,2561,A0,B0,C2,D1,0,E1,F2,185900
2562,2562,A0,B0,C4,D1,100,E1,F2,120600
2563,2563,A0,B0,C11,D1,100,E1,F2,275000
2564,2564,A0,B0,C11,D1,0,E1,F2,128000
2565,2565,A0,B0,C11,D1,100,E1,F2,107900
2566,2566,A0,B0,C11,D1,0,E1,F2,141300
2567,2567,A0,B0,C2,D1,100,E1,F2,191475
2568,2568,A0,B0,C2,D1,100,E1,F2,136000
2569,2569,A3,B0,C11,D1,100,E1,F2,310000
2570,2570,A0,B0,C7,D1,0,E1,F2,289800
2571,2571,A2,B0,C46,D1,0,E1,,100000
2572,2572,A0,B2,C43,D5,50,E19,F2,50000
2573,2573,A0,B0,C46,D1,0,E1, F2   ,197000
2574,2574,A1,B0,C11,D4,100,E4,F2,73880
2575,2575,A0,B0,C4,D1,0,E1,F2,125000
2576,2576,A0,B0,C2,D1,0,E1,F2,200160
2577,2577,A0,B0,C3,D1,0,E1,F0,136000
2578,2578,A0,B0,C4,D1,100,E1,F2,116150
2579,2579,A3,B0,C25,D1,100,E1,F0,235000
2580,2580,A0,B0,C2,D1,0,E1,F2,140000
2581,2581,A1,B0,C2,D27,50,E26,F0,24740
2582,2582,A0,B0,C11,D1,0,E1,F 2,120000
2583,2583,A0,B0,C2,D1,0,E1,F2,223800
2584,2584,A0,B0,C11,D1,0,E1,F2   ,78000
2585,2585,A1,B0,C11,D4,0,E4, F2   ,73880
2586,2586,A0,B0,C15,D1,100,E1,F0,131300
2587,2587,A0,B0,C9,D1,100,E1,F2,150000
2588,2588,A0,B0,C2,D1,100,E1,F2,198200
2589,2589,A0,B2,C28,D15,50,E13,F1,50000
2590,2590,A1,B0,C11,D29,100,E40,F0,28476
2591,2591,A2,B0,C18,D1,0,E1,F2,150000
2592,2592,A0,B0,C2,D1,100,E1,F1,120000
2593,2593,A0,B0,C18,D1,0,E1,F2,250000
2594,2594,A1,B0,C11,D1,100,E1,F2,80000
2595,2595,A0,B0,C11,D1,100,E1,F2,135000
2596,2596,A2,B0,C11,D1,0,E1,F2,160000
2597,2597,A0,B0,C9,D1,0,E1,F2,201000
2598,2598,A1,B0,C11,D1,100,E1,F2,130000
2599,2599,A0,B0,C2,D1,100,E1,F2,148000
2600,2600,A2,B0,C2,D1,0,E1,F2,80000
2601,2601,A0,B0,C11,D1,0,E1,F2,310000
2602,2602,A0,B0,C11,D1,0,E1,F2,139860
2603,2603,A1,B0,C4,D1,0,E1,F2,105380
2604,2604,A0,B0,C2,D1,100,E1,F2,191475
2605,2605,A1,B0,C2,D73,100,E3,F1,25532
2606,2606,A0,B0,C4,D1,100,E1,F2,86466
2607,2607,A1,B0,C4,D1,100,E1,F2,150000
2608,2608,A0,B0,C4,D1,0,E1,F2,180180
2609,2609,A1,B0,C9,D24,100,E22,F1,36000
2610,2610,A1,B0,C1,D1,0,E1,F2,160000
2611,2611,A0,B0,C11,D1,0,E1,F2,129300
2612,2612,A0,B0,C7,D1,100,E1,,138750
2613,2613,A1,B0,C4,D2,0,E2,F2,85000
2614,2614,A0,B0,C2,D1,100,E1,F2,145000
2615,2615,A0,B0,C4,D1,100,E1,F2,85000
2616,2616,A0,B0,C11,D1,0,E1,F2,126000
2617,2617,A0,B0,C2,D1,0,E1,F2,120000
2618,2618,A0,B0,C11,D1,0,E1,F2,300000
2619,2619,A0,B0,C4,D1,100,E1,F2,81666
2620,2620,A0,B0,C7,D1,0,E1,F2,214000
2621,2621,A0,B0,C4,D1,100,E1,F2,170000
2622,2622,A0,B0,C7,D1,0,E1,F2,130000
2623,2623,A1,B0,C2,D1,0,E1,F2,102100
2624,2624,A0,B0,C8,D1,0,E1,F2,129300
2625,2625,A0,B0,C7,D1,100,E1,F2,275300
2626,2626,A0,B0,C11,D1,100,E1,F2,150000
2627,2627,A0,B0,C2,D1,100,E1,F2,191475
